material_id,bulk_modulus_vrh
mp-1524357,71.431
mp-1524551,132.434
mp-1537871,28.202
mp-1539317,194.214
mp-1541458,16.491
mp-1542038,12.624
mp-1542940,9.808
mp-1545896,33.938
mp-1546032,6.181
mp-1946459,25.511
mp-1974948,46.967
mp-1975771,31.598
mp-2022604,25.252
mp-2025704,9.903
mp-2036706,6.83
mp-2051619,57.133
mp-2220557,133.739
mp-2224869,67.337
mp-2349989,117.29
mp-2352785,12.842
mp-2353328,7.86
mp-2356866,23.43
mp-2360071,12.606
mp-2362466,65.249
mp-2362485,25.554
mp-2362521,33.833
mp-2365577,71.293
mp-2374583,89.352
mp-2379939,87.228
mp-2382752,57.491
mp-2394167,299.032
mp-2408760,93.317
mp-2415538,43.601
mp-2416214,60.482
mp-2420244,56.861
mp-2458827,6.67
mp-2464440,31.855
mp-2468774,62.759
mp-2468815,80.565
mp-2468835,129.576
mp-2475638,34.988
mp-2479693,33.128
mp-2479851,44.71
mp-2488451,201.371
mp-2506699,49.604
mp-2514049,54.308
mp-2517816,37.434
mp-2525045,160.644
mp-2530518,134.524
mp-2619703,37.708
mp-2626703,50.172
mp-2629196,7.622
mp-2630414,187.237
mp-2637304,89.312
mp-2649045,21.762
mp-2650313,76.885
mp-2654140,122.592
mp-2659898,17.533
mp-2661453,49.367
mp-2665147,76.292
mp-2672345,80.417
mp-2675163,100.955
mp-2677258,27.378
mp-2679737,7.347
mp-2679804,121.564
mp-2695851,77.064
mp-2717324,75.372
mp-2717767,53.642
mp-2719342,99.117
mp-2720358,25.827
mp-2724101,124.693
mp-2724538,25.653
mp-2725306,45.84
mp-2774343,14.383
mp-2775197,6.057
mp-2789384,30.941
mp-2795318,24.006
mp-2802611,8.222
mp-2803876,102.564
mp-2828744,29.655
mp-2828768,34.536
mp-2828799,25.338
mp-2831205,87.619
mp-2831849,213.938
mp-2831941,30.022
mp-2861134,29.002
mp-2872104,39.084
mp-2876153,74.233
mp-2880538,51.93
mp-2894145,46.099
mp-2913080,3.53
mp-2929431,1.785
mp-2931468,225.71
mp-768197,38.444
mp-768240,78.825
mp-768241,125.554
mp-768305,122.77
mp-768310,57.541
mp-768342,147.015
mp-768358,151.834
mp-768368,13.588
mp-768479,152.13
mp-768572,55.637
mp-768864,69.273
mp-768870,22.378
mp-769096,117.205
mp-769253,85.195
mp-770118,86.219
mp-770649,99.64
mp-770771,141.067
mp-771055,154.842
mp-771359,161.174
mp-772099,127.189
mp-773044,57.048
mp-773137,16.088
mp-773864,163.816
mp-774712,53.764
mp-774922,6.146
mp-775757,217.87
mp-775761,33.661
mp-775808,115.534
mp-775906,139.432
mp-775907,128.193
mp-775909,194.576
mp-775910,188.21
mp-775935,127.742
mp-776083,22.014
mp-776097,200.242
mp-776165,123.896
mp-776404,196.653
mp-776456,206.646
mp-776475,212.727
mp-776490,228.207
mp-776532,211.548
mp-776896,55.283
mp-776911,115.543
mp-777047,93.296
mp-777413,160.352
mp-777422,106.131
mp-778364,46.367
mp-779517,135.285
mp-779545,43.258
mp-780260,27.439
mp-784630,240.432
mp-784631,221.367
mp-849060,12.703
mp-850275,9.928
mp-853967,42.412
mp-861182,24.697
mp-861228,38.568
mp-861460,42.162
mp-861479,39.202
mp-861481,75.998
mp-861483,91.797
mp-861498,53.36
mp-861499,84.313
mp-861505,43.757
mp-861508,78.497
mp-861588,78.771
mp-861594,48.605
mp-861600,60.928
mp-861605,69.171
mp-861610,252.716
mp-861616,99.243
mp-861617,69.273
mp-861624,44.988
mp-861625,65.489
mp-861627,150.337
mp-861628,59.121
mp-861629,102.805
mp-861630,303.39
mp-861637,159.815
mp-861639,193.269
mp-861640,172.0
mp-861641,190.189
mp-861643,29.61
mp-861645,28.633
mp-861651,50.293
mp-861653,101.664
mp-861656,194.37
mp-861658,134.07
mp-861660,48.714
mp-861661,61.849
mp-861662,120.366
mp-861663,125.906
mp-861665,38.577
mp-861666,221.989
mp-861672,191.953
mp-861724,67.493
mp-861733,94.385
mp-861735,39.982
mp-861736,107.809
mp-861738,36.51
mp-861867,2.551
mp-861872,47.445
mp-861873,187.786
mp-861875,137.66
mp-861876,39.953
mp-861880,93.343
mp-861881,77.804
mp-861882,206.944
mp-861883,68.935
mp-861884,43.131
mp-861896,69.136
mp-861900,85.118
mp-861901,86.815
mp-861905,82.613
mp-861908,234.152
mp-861909,160.28
mp-861912,230.754
mp-861913,49.683
mp-861931,182.434
mp-861933,54.296
mp-861935,116.199
mp-861936,120.749
mp-861937,36.968
mp-861939,34.933
mp-861940,34.346
mp-861946,57.65
mp-861947,41.038
mp-861951,185.431
mp-861953,193.542
mp-861954,190.046
mp-861955,52.428
mp-861956,73.728
mp-861958,153.777
mp-861961,190.201
mp-861974,145.981
mp-861975,252.209
mp-861978,213.322
mp-861979,165.426
mp-861983,184.197
mp-861993,63.714
mp-861994,59.723
mp-862260,79.006
mp-862262,52.817
mp-862287,199.23
mp-862288,238.376
mp-862289,46.985
mp-862290,145.894
mp-862291,200.601
mp-862297,147.585
mp-862312,124.471
mp-862316,165.822
mp-862318,103.846
mp-862319,42.615
mp-862321,108.466
mp-862335,160.442
mp-862338,113.161
mp-862339,81.21
mp-862340,85.089
mp-862360,137.387
mp-862361,145.388
mp-862377,139.753
mp-862379,108.026
mp-862423,123.752
mp-862431,123.096
mp-862432,120.565
mp-862445,268.452
mp-862446,240.988
mp-862473,111.847
mp-862486,123.137
mp-862492,43.284
mp-862543,109.061
mp-862546,110.743
mp-862548,76.171
mp-862549,34.711
mp-862553,112.509
mp-862555,50.306
mp-862561,181.046
mp-862563,105.286
mp-862565,37.721
mp-862586,297.088
mp-862588,68.896
mp-862589,325.952
mp-862600,216.114
mp-862601,55.598
mp-862602,146.391
mp-862604,317.142
mp-862610,174.685
mp-862613,33.104
mp-862617,58.815
mp-862619,43.83
mp-862620,321.281
mp-862622,270.586
mp-862631,31.487
mp-862632,29.043
mp-862655,308.427
mp-862656,76.785
mp-862657,144.978
mp-862658,92.453
mp-862662,51.066
mp-862663,71.48
mp-862664,86.047
mp-862666,141.67
mp-862667,38.715
mp-862669,219.307
mp-862673,70.948
mp-862677,42.546
mp-862679,151.886
mp-862680,65.63
mp-862682,111.605
mp-862684,145.945
mp-862690,24.648
mp-862691,179.509
mp-862692,43.612
mp-862694,211.649
mp-862695,185.345
mp-862697,75.034
mp-862698,56.494
mp-862699,235.29
mp-862700,270.525
mp-862702,79.681
mp-862703,91.964
mp-862704,123.901
mp-862705,220.942
mp-862706,201.076
mp-862710,100.691
mp-862712,137.361
mp-862713,227.447
mp-862715,180.532
mp-862716,66.506
mp-862717,97.735
mp-862719,80.346
mp-862720,26.36
mp-862721,27.344
mp-862723,207.886
mp-862725,219.455
mp-862727,54.069
mp-862728,78.796
mp-862730,148.873
mp-862732,64.957
mp-862733,64.649
mp-862734,58.086
mp-862737,97.049
mp-862740,25.727
mp-862742,62.046
mp-862745,30.834
mp-862747,45.405
mp-862750,57.57
mp-862754,52.732
mp-862755,53.986
mp-862756,66.478
mp-862757,39.675
mp-862759,55.055
mp-862767,54.108
mp-862769,19.114
mp-862775,125.117
mp-862778,230.759
mp-862779,325.151
mp-862781,230.931
mp-862786,54.864
mp-862788,61.635
mp-862790,246.944
mp-862795,44.205
mp-862797,36.494
mp-862798,283.476
mp-862800,2.5460000000000003
mp-862805,80.55
mp-862813,102.518
mp-862814,200.716
mp-862815,82.368
mp-862820,122.743
mp-862821,109.742
mp-862830,99.51
mp-862831,172.516
mp-862832,133.398
mp-862837,77.247
mp-862838,86.005
mp-862841,74.575
mp-862842,63.715
mp-862843,175.731
mp-862844,95.953
mp-862846,44.947
mp-862847,202.995
mp-862849,71.229
mp-862854,159.305
mp-862855,141.582
mp-862861,108.501
mp-862862,104.598
mp-862863,105.402
mp-862864,111.033
mp-862868,24.977
mp-862870,194.213
mp-862871,29.472
mp-862872,83.952
mp-862873,52.065
mp-862874,66.323
mp-862875,100.3
mp-862880,90.9
mp-862881,42.236
mp-862882,66.309
mp-862883,48.969
mp-862884,67.273
mp-862885,83.697
mp-862886,87.525
mp-862887,98.86
mp-862888,44.865
mp-862890,60.159
mp-862891,79.05
mp-862892,60.32
mp-862895,92.632
mp-862896,111.806
mp-862897,108.292
mp-862898,90.071
mp-862899,55.77
mp-862901,136.242
mp-862902,40.229
mp-862903,66.067
mp-862911,187.175
mp-862912,80.514
mp-862918,40.038
mp-862923,71.516
mp-862927,49.81
mp-862928,41.737
mp-862930,38.084
mp-862934,39.836
mp-862936,60.967
mp-862938,59.195
mp-862942,59.173
mp-862943,43.007
mp-862945,44.621
mp-862948,40.01
mp-862949,36.356
mp-862954,117.777
mp-862956,83.851
mp-862962,42.467
mp-862964,39.146
mp-862966,65.448
mp-862969,39.687
mp-862977,86.836
mp-862979,64.38
mp-862980,68.914
mp-862981,60.36
mp-862983,5.376
mp-862984,144.75
mp-862989,78.671
mp-862990,61.036
mp-862993,58.946
mp-862994,58.544
mp-862996,52.402
mp-863021,105.611
mp-863026,4.313
mp-863028,2.8
mp-863029,4.864
mp-863251,37.562
mp-863257,39.269
mp-863258,42.139
mp-863260,47.545
mp-863264,3.138
mp-863651,59.553
mp-863652,97.343
mp-863654,62.306
mp-863655,56.296
mp-863659,57.209
mp-863664,66.228
mp-863667,64.936
mp-863668,92.175
mp-863669,80.655
mp-863671,83.241
mp-863672,54.634
mp-863673,62.498
mp-863674,64.404
mp-863675,65.347
mp-863676,61.633
mp-863677,78.335
mp-863679,185.741
mp-863684,71.259
mp-863685,73.852
mp-863686,64.276
mp-863690,185.408
mp-863695,2.9
mp-863696,54.978
mp-863697,55.755
mp-863698,48.974
mp-863702,54.51
mp-863703,50.105
mp-863704,45.993
mp-863705,48.403
mp-863707,16.554
mp-863709,324.498
mp-863710,37.606
mp-863711,145.122
mp-863713,97.769
mp-863715,95.226
mp-863716,97.934
mp-863717,89.451
mp-863720,139.163
mp-863725,89.689
mp-863727,154.975
mp-863732,96.963
mp-863733,91.146
mp-863736,113.765
mp-863737,50.028
mp-863738,101.867
mp-863739,125.414
mp-863740,111.946
mp-863741,92.259
mp-863743,67.211
mp-863744,51.164
mp-863749,90.266
mp-863750,121.457
mp-863757,16.33
mp-863759,10.835
mp-863760,34.847
mp-863764,2.772
mp-864597,30.009
mp-864598,44.769
mp-864599,88.449
mp-864601,66.418
mp-864602,44.88
mp-864606,163.571
mp-864607,132.25
mp-864610,46.7
mp-864611,105.456
mp-864612,46.386
mp-864614,70.501
mp-864617,2.955
mp-864618,31.615
mp-864620,42.683
mp-864622,94.942
mp-864624,130.834
mp-864625,124.915
mp-864626,121.902
mp-864628,67.466
mp-864629,52.345
mp-864630,42.537
mp-864631,175.191
mp-864633,57.531
mp-864639,240.518
mp-864640,234.508
mp-864641,45.439
mp-864650,272.496
mp-864651,221.392
mp-864654,161.838
mp-864657,2.881
mp-864659,106.997
mp-864661,150.032
mp-864667,69.742
mp-864668,82.554
mp-864670,245.861
mp-864672,245.129
mp-864674,65.575
mp-864675,74.904
mp-864684,189.709
mp-864715,206.086
mp-864732,40.172
mp-864733,3.156
mp-864734,141.693
mp-864735,242.395
mp-864741,33.91
mp-864742,17.492
mp-864743,33.659
mp-864744,113.756
mp-864745,41.055
mp-864747,47.359
mp-864748,67.859
mp-864756,30.524
mp-864758,13.554
mp-864761,249.914
mp-864762,40.259
mp-864763,41.92
mp-864764,247.114
mp-864765,43.786
mp-864769,25.992
mp-864770,265.254
mp-864771,33.235
mp-864772,74.156
mp-864775,70.325
mp-864780,123.458
mp-864782,246.749
mp-864783,49.015
mp-864784,142.707
mp-864788,210.794
mp-864789,39.222
mp-864790,47.035
mp-864794,90.519
mp-864795,45.028
mp-864796,37.559
mp-864798,211.726
mp-864799,43.429
mp-864800,55.635
mp-864804,52.714
mp-864805,86.254
mp-864807,150.532
mp-864835,184.201
mp-864837,81.88
mp-864839,156.281
mp-864840,218.128
mp-864857,192.655
mp-864877,177.868
mp-864878,135.096
mp-864883,112.134
mp-864884,63.398
mp-864889,101.369
mp-864890,180.435
mp-864892,81.37
mp-864893,64.746
mp-864895,194.531
mp-864896,93.62
mp-864897,162.384
mp-864898,22.587
mp-864901,77.617
mp-864902,131.037
mp-864903,198.121
mp-864904,73.061
mp-864907,121.633
mp-864908,191.279
mp-864909,195.913
mp-864910,149.687
mp-864916,187.509
mp-864919,161.554
mp-864920,114.52
mp-864921,178.265
mp-864922,94.828
mp-864924,58.214
mp-864925,56.12
mp-864926,171.303
mp-864927,217.65
mp-864928,1.808
mp-864930,190.484
mp-864931,111.473
mp-864932,84.193
mp-864933,88.2
mp-864934,76.915
mp-864935,109.614
mp-864936,227.345
mp-864937,43.21
mp-864938,34.56
mp-864939,160.206
mp-864940,120.332
mp-864941,49.044
mp-864943,193.511
mp-864945,171.181
mp-864946,143.606
mp-864949,188.351
mp-864950,228.585
mp-864952,47.879
mp-864953,231.986
mp-864954,246.262
mp-864955,153.099
mp-864957,200.874
mp-864959,103.481
mp-864961,194.226
mp-864962,38.641
mp-864966,247.412
mp-864968,155.882
mp-864969,106.207
mp-864970,252.159
mp-864971,176.935
mp-864972,88.039
mp-864974,175.345
mp-864976,99.15
mp-864977,101.086
mp-864978,73.054
mp-864980,218.933
mp-864981,99.317
mp-864982,3.535
mp-864983,228.444
mp-864984,210.529
mp-864985,226.37
mp-864987,168.969
mp-864988,193.97
mp-864989,255.756
mp-864990,237.182
mp-864992,218.17
mp-864995,71.682
mp-864997,139.601
mp-865001,197.703
mp-865002,89.209
mp-865003,214.003
mp-865006,55.262
mp-865007,52.775
mp-865010,197.202
mp-865011,195.796
mp-865020,187.046
mp-865021,219.105
mp-865022,287.886
mp-865023,201.069
mp-865025,244.954
mp-865026,242.884
mp-865027,195.84
mp-865028,41.684
mp-865030,172.957
mp-865032,174.551
mp-865038,222.224
mp-865039,187.383
mp-865043,109.21
mp-865044,165.085
mp-865048,226.509
mp-865049,128.55
mp-865050,154.665
mp-865051,22.925
mp-865067,34.651
mp-865076,69.41
mp-865079,150.486
mp-865081,40.126
mp-865082,41.303
mp-865090,31.125
mp-865091,175.043
mp-865092,116.982
mp-865093,160.513
mp-865094,218.707
mp-865096,38.106
mp-865097,80.025
mp-865098,55.109
mp-865100,25.727
mp-865107,15.404
mp-865108,43.362
mp-865109,36.766
mp-865110,24.965
mp-865111,59.904
mp-865112,35.668
mp-865113,57.865
mp-865115,42.221
mp-865116,41.722
mp-865117,37.926
mp-865118,56.68
mp-865119,41.671
mp-865120,132.432
mp-865123,120.303
mp-865125,155.284
mp-865127,23.718
mp-865130,173.159
mp-865131,201.65
mp-865138,192.899
mp-865145,27.25
mp-865146,182.409
mp-865147,182.617
mp-865148,181.984
mp-865149,178.546
mp-865150,86.378
mp-865151,87.977
mp-865152,124.171
mp-865155,155.745
mp-865156,65.862
mp-865158,49.525
mp-865159,63.933
mp-865160,184.958
mp-865162,162.451
mp-865163,189.784
mp-865165,138.178
mp-865166,167.044
mp-865167,32.385
mp-865171,38.477
mp-865172,171.591
mp-865174,169.501
mp-865176,136.591
mp-865179,201.248
mp-865181,167.47
mp-865183,68.65
mp-865185,76.107
mp-865186,187.256
mp-865187,154.144
mp-865191,223.605
mp-865193,211.803
mp-865194,152.068
mp-865195,147.294
mp-865202,123.512
mp-865206,127.101
mp-865209,182.794
mp-865210,45.134
mp-865211,134.846
mp-865215,161.823
mp-865216,104.247
mp-865218,188.205
mp-865219,125.9
mp-865224,80.336
mp-865229,231.437
mp-865230,116.23
mp-865231,44.718
mp-865234,226.089
mp-865235,128.39
mp-865237,100.748
mp-865240,55.4
mp-865241,205.913
mp-865248,179.898
mp-865249,153.366
mp-865250,202.895
mp-865254,52.205
mp-865255,182.535
mp-865257,129.806
mp-865262,188.12
mp-865278,260.723
mp-865280,209.082
mp-865281,96.269
mp-865282,96.69
mp-865284,101.396
mp-865297,65.284
mp-865298,108.889
mp-865299,135.447
mp-865308,171.518
mp-865320,115.779
mp-865321,137.722
mp-865322,132.86
mp-865325,118.848
mp-865329,79.162
mp-865338,93.112
mp-865340,106.578
mp-865342,128.64
mp-865353,2.736
mp-865355,137.109
mp-865356,58.554
mp-865357,111.133
mp-865360,87.72
mp-865361,89.938
mp-865362,146.356
mp-865364,181.822
mp-865373,53.429
mp-865376,43.03
mp-865379,156.439
mp-865382,221.654
mp-865385,233.519
mp-865400,174.749
mp-865402,85.691
mp-865403,76.381
mp-865406,80.916
mp-865424,129.135
mp-865425,151.261
mp-865426,50.84
mp-865428,104.325
mp-865430,59.171
mp-865432,106.626
mp-865433,74.058
mp-865434,156.979
mp-865441,158.18
mp-865442,244.229
mp-865444,89.908
mp-865446,73.413
mp-865448,212.674
mp-865449,77.305
mp-865450,85.675
mp-865459,98.781
mp-865462,265.263
mp-865465,197.789
mp-865467,65.878
mp-865468,75.342
mp-865469,193.143
mp-865470,46.296
mp-865471,229.778
mp-865472,258.765
mp-865482,243.003
mp-865484,253.319
mp-865485,261.007
mp-865486,225.829
mp-865490,231.816
mp-865493,6.847
mp-865494,241.192
mp-865495,238.066
mp-865496,321.065
mp-865497,289.662
mp-865499,275.44
mp-865501,254.239
mp-865502,69.569
mp-865503,71.324
mp-865504,82.71
mp-865505,69.509
mp-865506,286.547
mp-865507,250.046
mp-865512,53.873
mp-865515,59.874
mp-865517,126.817
mp-865519,179.127
mp-865520,97.382
mp-865521,2.849
mp-865522,87.395
mp-865523,183.807
mp-865524,116.26
mp-865525,76.015
mp-865527,70.402
mp-865530,124.42
mp-865531,159.093
mp-865533,240.23
mp-865534,35.495
mp-865536,127.688
mp-865537,168.613
mp-865538,193.113
mp-865545,74.428
mp-865546,38.939
mp-865547,68.269
mp-865554,224.329
mp-865558,47.939
mp-865560,62.953
mp-865561,90.313
mp-865562,180.438
mp-865563,111.102
mp-865566,138.683
mp-865569,212.034
mp-865577,44.869
mp-865578,43.608
mp-865583,41.701
mp-865585,236.881
mp-865586,236.904
mp-865587,88.993
mp-865588,92.142
mp-865591,170.681
mp-865592,87.008
mp-865594,99.876
mp-865597,75.68
mp-865600,109.327
mp-865602,54.789
mp-865603,119.564
mp-865604,17.412
mp-865607,115.558
mp-865609,149.694
mp-865611,181.297
mp-865615,228.828
mp-865625,22.948
mp-865640,228.106
mp-865641,104.846
mp-865648,33.75
mp-865649,203.459
mp-865650,208.121
mp-865652,207.779
mp-865653,250.96
mp-865656,243.092
mp-865659,93.884
mp-865660,56.533
mp-865661,38.38
mp-865663,100.492
mp-865664,287.241
mp-865665,271.275
mp-865666,32.933
mp-865669,228.921
mp-865671,59.596
mp-865678,195.509
mp-865680,283.881
mp-865681,244.997
mp-865696,143.634
mp-865708,66.47
mp-865712,173.551
mp-865713,30.009
mp-865716,36.225
mp-865717,234.973
mp-865728,194.083
mp-865730,133.602
mp-865731,52.245
mp-865733,287.788
mp-865735,38.24
mp-865737,35.36
mp-865738,47.688
mp-865739,53.798
mp-865742,41.342
mp-865743,198.415
mp-865747,72.846
mp-865753,79.277
mp-865756,94.214
mp-865757,130.602
mp-865759,134.565
mp-865768,210.074
mp-865779,188.326
mp-865780,160.207
mp-865786,152.758
mp-865789,55.757
mp-865790,40.699
mp-865791,253.029
mp-865792,196.801
mp-865793,85.14
mp-865795,87.654
mp-865796,128.593
mp-865797,127.341
mp-865798,124.561
mp-865799,55.734
mp-865800,45.488
mp-865803,194.966
mp-865805,201.21
mp-865806,94.234
mp-865807,208.29
mp-865809,210.128
mp-865810,257.893
mp-865811,46.367
mp-865812,50.518
mp-865813,35.189
mp-865814,42.899
mp-865815,104.932
mp-865840,223.944
mp-865841,118.801
mp-865842,231.602
mp-865845,69.855
mp-865846,163.884
mp-865847,101.128
mp-865854,54.848
mp-865855,57.83
mp-865856,64.281
mp-865857,163.841
mp-865858,125.869
mp-865859,40.401
mp-865863,48.609
mp-865866,139.016
mp-865867,41.319
mp-865868,137.351
mp-865869,173.915
mp-865870,134.753
mp-865872,126.874
mp-865874,37.398
mp-865876,225.088
mp-865877,212.512
mp-865878,168.312
mp-865879,49.503
mp-865884,138.075
mp-865888,205.955
mp-865893,117.351
mp-865894,68.459
mp-865895,203.806
mp-865896,51.003
mp-865897,35.03
mp-865898,180.042
mp-865899,160.895
mp-865900,108.872
mp-865901,226.523
mp-865903,91.912
mp-865904,268.28
mp-865908,37.023
mp-865909,44.342
mp-865912,102.513
mp-865914,226.153
mp-865916,257.696
mp-865918,36.108
mp-865919,80.359
mp-865920,45.614
mp-865921,188.646
mp-865924,103.353
mp-865925,164.912
mp-865926,123.024
mp-865927,179.412
mp-865928,201.234
mp-865929,136.955
mp-865930,130.031
mp-865931,182.368
mp-865932,46.894
mp-865933,230.966
mp-865934,81.712
mp-865935,34.883
mp-865936,82.734
mp-865939,30.17
mp-865944,152.686
mp-865947,54.172
mp-865948,213.72
mp-865951,75.286
mp-865952,59.76
mp-865957,70.36
mp-865960,352.906
mp-865963,66.916
mp-865964,34.099
mp-865965,40.875
mp-865966,237.931
mp-865968,68.397
mp-865969,218.979
mp-865974,117.1
mp-865978,48.488
mp-865979,43.051
mp-865982,102.769
mp-865983,64.458
mp-865984,26.909
mp-865985,135.78
mp-865986,37.315
mp-865989,218.535
mp-865990,86.943
mp-865991,45.837
mp-865992,126.934
mp-865993,90.68
mp-865994,108.619
mp-865995,70.05
mp-865996,91.016
mp-865997,43.874
mp-865999,82.283
mp-866000,40.129
mp-866001,236.108
mp-866002,34.091
mp-866003,3.096
mp-866004,65.736
mp-866005,57.964
mp-866006,45.159
mp-866007,47.333
mp-866008,61.975
mp-866012,160.36
mp-866014,49.261
mp-866015,43.686
mp-866018,47.092
mp-866020,50.682
mp-866022,189.833
mp-866024,183.765
mp-866026,202.723
mp-866031,203.229
mp-866033,184.832
mp-866037,173.642
mp-866051,183.726
mp-866056,77.703
mp-866061,45.189
mp-866062,228.517
mp-866063,40.013
mp-866066,20.061
mp-866067,50.858
mp-866069,127.869
mp-866071,228.974
mp-866073,147.583
mp-866077,57.839
mp-866079,90.878
mp-866080,58.309
mp-866081,105.142
mp-866082,88.439
mp-866083,195.246
mp-866086,213.993
mp-866087,179.203
mp-866088,177.082
mp-866094,129.32
mp-866103,38.111
mp-866104,38.807
mp-866107,77.317
mp-866108,106.771
mp-866109,200.406
mp-866112,173.786
mp-866114,246.139
mp-866115,193.549
mp-866116,183.596
mp-866117,137.013
mp-866120,66.273
mp-866121,246.21
mp-866125,190.885
mp-866127,218.717
mp-866128,37.535
mp-866131,65.545
mp-866132,24.55
mp-866133,60.239
mp-866134,195.459
mp-866138,168.296
mp-866139,189.33
mp-866140,155.629
mp-866141,230.374
mp-866143,203.582
mp-866146,74.686
mp-866150,74.266
mp-866152,191.214
mp-866154,241.903
mp-866155,209.627
mp-866156,138.306
mp-866158,43.556
mp-866159,147.893
mp-866160,96.832
mp-866161,251.039
mp-866162,64.686
mp-866163,127.682
mp-866164,61.585
mp-866165,109.638
mp-866166,102.15
mp-866168,125.716
mp-866169,22.656
mp-866171,83.086
mp-866172,40.634
mp-866173,111.433
mp-866174,99.611
mp-866175,34.611
mp-866176,68.175
mp-866177,91.195
mp-866178,42.611
mp-866179,39.457
mp-866180,28.662
mp-866181,40.663
mp-866183,168.977
mp-866186,110.213
mp-866187,158.023
mp-866188,137.541
mp-866191,42.316
mp-866192,34.107
mp-866193,37.747
mp-866194,28.998
mp-866196,38.333
mp-866199,43.963
mp-866202,67.708
mp-866203,42.483
mp-866204,66.613
mp-866211,59.863
mp-866213,248.307
mp-866218,191.897
mp-866219,199.577
mp-866220,44.441
mp-866222,64.505
mp-866223,52.306
mp-866224,197.731
mp-866225,48.779
mp-866227,82.434
mp-866228,51.03
mp-866229,36.778
mp-866279,75.884
mp-866284,233.311
mp-866285,150.594
mp-866286,30.934
mp-866287,88.94
mp-866288,44.835
mp-866289,48.815
mp-866291,27.578
mp-866295,43.506
mp-866298,88.541
mp-866299,212.608
mp-866311,59.352
mp-866314,125.918
mp-866375,210.464
mp-866376,191.642
mp-866522,46.185
mp-866818,42.206
mp-867107,286.259
mp-867109,84.013
mp-867110,137.844
mp-867114,234.983
mp-867116,238.142
mp-867117,112.788
mp-867118,77.314
mp-867119,117.376
mp-867120,201.123
mp-867121,71.412
mp-867123,267.946
mp-867125,201.068
mp-867126,2.759
mp-867127,80.644
mp-867128,94.638
mp-867130,40.49
mp-867131,52.617
mp-867137,194.203
mp-867141,395.382
mp-867143,69.324
mp-867144,40.504
mp-867145,54.046
mp-867146,196.752
mp-867147,20.768
mp-867148,145.866
mp-867149,29.052
mp-867156,167.594
mp-867157,60.568
mp-867158,56.236
mp-867159,40.294
mp-867160,64.741
mp-867163,39.938
mp-867167,26.242
mp-867169,30.248
mp-867171,30.554
mp-867172,29.945
mp-867177,57.938
mp-867178,50.25
mp-867181,59.687
mp-867182,86.846
mp-867186,58.884
mp-867189,44.905
mp-867191,53.486
mp-867193,35.078
mp-867195,185.233
mp-867196,71.539
mp-867200,35.282
mp-867202,11.444
mp-867206,84.2
mp-867207,28.446
mp-867210,26.023
mp-867211,27.505
mp-867212,377.014
mp-867213,117.96
mp-867214,130.801
mp-867216,238.287
mp-867217,47.326
mp-867218,67.274
mp-867221,171.176
mp-867222,48.032
mp-867223,90.52
mp-867224,41.739
mp-867226,24.555
mp-867227,46.404
mp-867229,12.419
mp-867233,119.005
mp-867234,61.719
mp-867235,80.823
mp-867241,56.205
mp-867242,78.569
mp-867243,120.86
mp-867245,59.426
mp-867246,71.201
mp-867248,53.973
mp-867249,219.675
mp-867250,87.893
mp-867251,104.433
mp-867252,41.35
mp-867253,116.817
mp-867254,84.99
mp-867255,80.793
mp-867257,40.978
mp-867258,109.393
mp-867259,76.882
mp-867262,216.144
mp-867263,68.137
mp-867264,374.539
mp-867266,33.477
mp-867267,74.476
mp-867270,207.943
mp-867271,194.115
mp-867272,87.133
mp-867273,210.143
mp-867274,219.36
mp-867275,276.013
mp-867277,55.443
mp-867280,238.159
mp-867281,286.08
mp-867285,81.503
mp-867287,76.048
mp-867288,59.883
mp-867290,60.402
mp-867292,199.112
mp-867293,171.867
mp-867304,212.177
mp-867306,134.721
mp-867307,193.573
mp-867317,144.315
mp-867319,199.848
mp-867326,200.128
mp-867327,193.02
mp-867330,163.496
mp-867342,32.98
mp-867343,22.509
mp-867345,341.997
mp-867346,72.453
mp-867348,57.967
mp-867349,50.473
mp-867350,30.387
mp-867351,299.67
mp-867353,99.567
mp-867356,308.589
mp-867357,286.678
mp-867361,83.944
mp-867372,82.451
mp-867422,65.405
mp-867507,222.56
mp-867568,116.019
mp-867735,113.333
mp-867744,193.852
mp-867748,169.616
mp-867756,97.087
mp-867761,135.073
mp-867762,84.578
mp-867769,151.149
mp-867771,224.467
mp-867773,54.341
mp-867775,180.486
mp-867779,231.932
mp-867780,106.001
mp-867786,220.674
mp-867788,268.88
mp-867792,358.896
mp-867794,129.422
mp-867795,186.133
mp-867798,71.667
mp-867799,42.058
mp-867800,55.602
mp-867801,49.213
mp-867802,127.176
mp-867803,23.718
mp-867805,28.548
mp-867807,41.8
mp-867810,52.184
mp-867815,58.767
mp-867816,276.055
mp-867821,207.781
mp-867826,62.879
mp-867828,227.135
mp-867829,179.191
mp-867834,146.996
mp-867835,247.221
mp-867837,254.421
mp-867838,74.927
mp-867840,206.038
mp-867842,149.145
mp-867846,257.421
mp-867849,32.155
mp-867850,149.04
mp-867853,67.735
mp-867854,48.691
mp-867859,114.186
mp-867861,40.002
mp-867862,62.849
mp-867863,100.508
mp-867868,89.778
mp-867869,83.326
mp-867870,68.731
mp-867872,58.234
mp-867873,53.804
mp-867874,241.663
mp-867876,65.15
mp-867878,214.474
mp-867879,57.544
mp-867881,143.099
mp-867882,82.573
mp-867887,89.382
mp-867894,50.087
mp-867895,84.831
mp-867896,99.218
mp-867897,204.892
mp-867899,110.279
mp-867901,194.629
mp-867902,186.513
mp-867904,214.114
mp-867908,73.505
mp-867909,139.152
mp-867911,113.454
mp-867915,149.332
mp-867916,192.627
mp-867917,199.92
mp-867919,177.241
mp-867920,84.38
mp-867921,81.483
mp-867922,163.077
mp-867924,93.448
mp-867925,37.418
mp-867927,223.046
mp-867928,163.021
mp-867932,68.5
mp-867978,121.874
mp-867979,52.025
mp-867985,77.954
mp-882700,35.497
mp-884085,21.596
mp-924128,127.878
mp-924129,115.909
mp-924130,123.819
mp-935811,172.61
mp-937760,118.816
mp-941221,16.486
mp-945184,42.341
mp-950995,26.78
mp-952566,22.663
mp-961645,48.554
mp-961646,158.831
mp-961649,135.818
mp-961651,143.448
mp-961652,119.495
mp-961653,226.039
mp-961656,134.14
mp-961657,107.291
mp-961658,138.506
mp-961659,145.487
mp-961660,157.629
mp-961661,138.82
mp-961664,120.16
mp-961665,54.545
mp-961668,139.456
mp-961673,146.311
mp-961674,145.001
mp-961675,129.129
mp-961678,110.522
mp-961682,118.974
mp-961684,37.314
mp-961685,33.378
mp-961686,125.6
mp-961687,118.393
mp-961688,136.177
mp-961693,106.206
mp-961695,85.096
mp-961696,181.264
mp-961697,95.062
mp-961698,64.164
mp-961706,165.342
mp-961710,171.875
mp-961711,154.395
mp-961712,153.2
mp-961713,133.908
mp-961716,137.912
mp-961723,42.619
mp-961725,118.263
mp-961774,24.711
mp-962063,35.592
mp-962067,18.381
mp-962068,33.364
mp-962072,26.23
mp-962078,46.537
mp-966800,59.233
mp-971661,79.715
mp-971662,75.91
mp-971669,100.502
mp-971673,23.495
mp-971682,142.078
mp-971683,68.864
mp-971694,99.291
mp-971702,42.101
mp-971703,159.817
mp-971705,51.653
mp-971706,152.502
mp-971712,60.274
mp-971738,155.672
mp-971739,183.726
mp-971744,183.266
mp-971752,108.873
mp-971753,61.403
mp-971779,209.272
mp-971799,66.15
mp-971803,21.227
mp-971836,176.569
mp-971837,38.904
mp-971891,128.444
mp-971911,130.313
mp-971914,78.261
mp-971920,40.818
mp-971922,65.046
mp-971924,67.395
mp-971933,62.206
mp-971951,128.477
mp-971958,60.974
mp-971975,102.967
mp-971979,68.975
mp-971985,92.528
mp-971996,84.713
mp-972021,95.953
mp-972036,298.554
mp-972042,92.401
mp-972044,44.763
mp-972048,91.897
mp-972058,96.796
mp-972062,53.312
mp-972066,217.28
mp-972069,116.433
mp-972071,203.583
mp-972082,34.443
mp-972087,129.755
mp-972088,94.083
mp-972099,28.79
mp-972103,177.966
mp-972119,28.313
mp-972156,39.722
mp-972180,37.737
mp-972185,26.92
mp-972202,130.278
mp-972205,263.582
mp-972209,250.356
mp-972217,167.17
mp-972220,233.898
mp-972222,277.307
mp-972228,125.408
mp-972238,179.691
mp-972241,217.331
mp-972244,68.836
mp-972257,34.964
mp-972274,68.285
mp-972275,219.69
mp-972309,236.24
mp-972310,58.091
mp-972323,251.053
mp-972326,261.344
mp-972337,216.082
mp-972352,24.014
mp-972353,96.534
mp-972364,14.69
mp-972370,36.324
mp-972396,230.659
mp-972415,65.872
mp-972420,68.674
mp-972442,225.06
mp-972455,57.35
mp-972494,38.754
mp-972504,56.309
mp-972511,62.377
mp-972522,58.598
mp-972526,84.809
mp-972528,63.294
mp-972530,79.206
mp-972536,57.182
mp-972540,59.049
mp-972541,52.625
mp-972549,43.336
mp-972601,40.91
mp-972623,83.971
mp-972635,62.653
mp-972640,57.307
mp-972653,52.516
mp-972659,136.209
mp-972680,83.302
mp-972692,44.231
mp-972742,46.102
mp-972751,83.175
mp-972808,25.788
mp-972810,286.173
mp-972827,130.571
mp-972828,136.43
mp-972839,203.008
mp-972845,199.027
mp-972861,103.541
mp-972866,107.16
mp-972869,107.133
mp-972874,15.512
mp-972876,59.118
mp-972877,117.54
mp-972879,125.306
mp-972882,72.853
mp-972884,81.231
mp-972895,116.515
mp-972898,90.144
mp-972899,118.555
mp-972907,78.735
mp-972908,29.518
mp-972912,29.595
mp-972914,72.984
mp-972925,98.751
mp-972941,32.912
mp-972945,69.968
mp-972949,49.862
mp-972954,42.98
mp-972957,177.267
mp-972960,86.527
mp-972961,118.07
mp-972966,135.881
mp-972984,67.462
mp-973004,203.337
mp-973022,203.422
mp-973024,40.645
mp-973053,110.897
mp-973056,17.144
mp-973058,54.59
mp-973060,57.229
mp-973068,186.205
mp-973088,68.284
mp-973092,103.118
mp-973123,118.718
mp-973141,90.97
mp-973142,104.061
mp-973143,78.798
mp-973149,179.795
mp-973153,157.156
mp-973156,135.67
mp-973166,27.528
mp-973174,52.516
mp-973181,199.466
mp-973185,122.232
mp-973191,26.317
mp-973229,102.567
mp-973232,40.739
mp-973250,19.467
mp-973256,44.465
mp-973265,6.941
mp-973266,53.348
mp-973267,180.938
mp-973269,125.028
mp-973270,104.31
mp-973276,59.674
mp-973300,53.035
mp-973316,11.571
mp-973325,38.78
mp-973342,205.763
mp-973343,30.915
mp-973353,178.413
mp-973364,35.997
mp-973374,28.486
mp-973396,92.168
mp-973415,23.83
mp-973432,130.571
mp-973442,99.763
mp-973443,199.747
mp-973446,8.076
mp-973455,29.769
mp-973465,49.414
mp-973471,201.94
mp-973534,319.664
mp-973536,151.069
mp-973538,67.89
mp-973556,51.667
mp-973561,65.477
mp-973564,45.039
mp-973571,44.851
mp-973572,48.249
mp-973606,92.21
mp-973614,9.269
mp-973622,4.901
mp-973633,128.819
mp-973636,68.94
mp-973646,70.073
mp-973652,191.106
mp-973653,69.957
mp-973684,41.172
mp-973689,44.373
mp-973734,65.863
mp-973750,60.626
mp-973756,167.213
mp-973771,57.128
mp-973834,143.059
mp-973841,51.616
mp-973847,47.145
mp-973865,93.654
mp-973869,130.971
mp-973874,36.572
mp-973887,51.146
mp-973890,157.415
mp-973893,63.57
mp-973894,47.768
mp-973896,140.931
mp-973910,112.124
mp-973920,177.355
mp-973933,210.715
mp-973935,207.427
mp-973956,66.319
mp-973957,48.916
mp-973966,29.761
mp-973977,90.383
mp-973979,119.616
mp-973986,42.273
mp-974061,178.452
mp-974063,130.162
mp-974066,34.408
mp-974221,52.564
mp-974253,62.845
mp-974270,14.872
mp-974307,73.474
mp-974315,41.961
mp-974322,41.03
mp-974325,38.234
mp-974326,331.196
mp-974330,16.635
mp-974332,23.338
mp-974335,265.771
mp-974341,267.514
mp-974358,337.871
mp-974370,252.972
mp-974387,56.88
mp-974395,248.019
mp-974411,348.896
mp-974415,244.499
mp-974416,342.858
mp-974417,259.398
mp-974421,329.122
mp-974430,366.016
mp-974435,388.181
mp-974437,400.846
mp-974455,352.99
mp-974457,200.1
mp-974458,277.045
mp-974464,162.958
mp-974474,145.813
mp-974517,40.097
mp-974523,51.522
mp-974527,53.007
mp-974558,7.76
mp-974565,185.152
mp-974616,249.556
mp-974617,68.071
mp-974625,350.663
mp-974627,5.574
mp-974638,57.029
mp-974642,47.164
mp-974708,52.034
mp-974740,116.027
mp-974743,5.686
mp-974774,5.4030000000000005
mp-974782,62.88
mp-974799,3.974
mp-974810,3.293
mp-974827,21.468
mp-974842,119.312
mp-974843,6.657
mp-974865,38.765
mp-974866,3.34
mp-974883,3.363
mp-974933,5.203
mp-974938,3.531
mp-974943,182.079
mp-974948,4.908
mp-974949,12.992
mp-974950,3.577
mp-974973,109.761
mp-974990,3.088
mp-975028,3.5700000000000003
mp-975044,162.926
mp-975049,57.477
mp-975065,365.253
mp-975106,57.614
mp-975176,10.354
mp-975190,122.161
mp-975198,16.913
mp-975206,117.294
mp-975208,155.247
mp-975216,195.873
mp-975222,8.532
mp-975253,20.132
mp-975255,95.483
mp-975275,17.884
mp-975284,141.653
mp-975288,133.382
mp-975299,74.482
mp-975312,20.725
mp-975347,149.618
mp-975359,39.583
mp-975364,84.711
mp-975368,20.611
mp-975382,40.141
mp-975383,11.416
mp-975390,11.666
mp-975394,84.653
mp-975404,11.18
mp-975425,102.651
mp-975427,112.414
mp-975439,179.718
mp-975443,160.872
mp-975463,61.109
mp-975511,44.916
mp-975512,53.357
mp-975515,40.599
mp-975518,55.675
mp-975522,52.906
mp-975608,56.12
mp-975638,43.976
mp-975639,34.921
mp-975640,79.671
mp-975646,61.109
mp-975650,52.434
mp-975651,40.703
mp-975652,54.837
mp-975656,62.475
mp-975658,39.752
mp-975664,69.174
mp-975769,55.032
mp-975788,54.491
mp-975793,51.881
mp-975794,26.474
mp-975797,35.965
mp-975801,61.809
mp-975822,51.524
mp-975834,295.76
mp-975848,37.416
mp-975868,26.875
mp-975880,38.321
mp-975882,31.489
mp-975883,55.153
mp-975896,50.892
mp-975904,22.645
mp-975905,178.725
mp-975906,62.466
mp-975909,102.226
mp-975913,187.182
mp-975920,51.835
mp-975932,55.104
mp-975933,55.325
mp-975972,41.51
mp-975990,49.933
mp-975994,21.316
mp-975997,22.028
mp-976008,40.406
mp-976010,22.421
mp-976023,23.233
mp-976030,39.674
mp-976047,25.641
mp-976055,24.671
mp-976060,54.763
mp-976061,69.29
mp-976075,14.299
mp-976076,33.683
mp-976082,240.29
mp-976106,104.481
mp-976113,80.791
mp-976114,30.724
mp-976129,55.889
mp-976133,126.053
mp-976138,38.535
mp-976139,19.333
mp-976142,54.819
mp-976150,48.882
mp-976151,39.817
mp-976159,54.562
mp-976181,19.495
mp-976185,109.135
mp-976220,24.122
mp-976236,24.373
mp-976256,18.913
mp-976259,103.934
mp-976260,64.88
mp-976261,24.704
mp-976262,25.743
mp-976265,187.278
mp-976271,83.985
mp-976273,133.921
mp-976280,19.461
mp-976291,24.716
mp-976292,33.222
mp-976330,131.667
mp-976333,33.082
mp-976334,34.091
mp-976341,54.104
mp-976343,92.604
mp-976344,54.936
mp-976356,44.174
mp-976405,33.418
mp-976408,25.865
mp-976411,13.866
mp-976419,102.841
mp-976424,30.515
mp-976425,36.226
mp-976426,54.534
mp-976588,52.284
mp-976596,56.068
mp-976598,142.948
mp-976600,127.886
mp-976725,122.505
mp-976727,114.926
mp-976744,50.836
mp-976751,41.816
mp-976772,127.322
mp-976784,144.369
mp-976793,54.254
mp-976799,136.809
mp-976806,131.736
mp-976818,173.428
mp-976838,173.553
mp-976847,164.639
mp-976856,24.546
mp-976863,33.868
mp-976870,96.01
mp-976884,88.095
mp-976893,161.359
mp-976923,211.053
mp-976943,236.918
mp-976968,104.533
mp-976971,97.437
mp-976976,140.811
mp-977011,9.507
mp-977012,13.813
mp-977013,10.549
mp-977057,99.455
mp-977059,140.05
mp-977062,9.908
mp-977110,80.165
mp-977117,137.484
mp-977123,138.443
mp-977126,26.62
mp-977128,172.715
mp-977138,186.78
mp-977140,132.843
mp-977143,101.916
mp-977176,190.453
mp-977181,165.314
mp-977187,40.649
mp-977189,19.11
mp-977200,22.193
mp-977218,21.078
mp-977224,75.341
mp-977239,26.408
mp-977264,36.536
mp-977273,198.411
mp-977283,261.655
mp-977310,183.641
mp-977352,67.816
mp-977353,256.583
mp-977354,210.79
mp-977356,216.901
mp-977358,101.795
mp-977362,177.634
mp-977363,242.63
mp-977367,144.382
mp-977369,62.805
mp-977372,58.633
mp-977375,3.636
mp-977376,87.541
mp-977380,57.675
mp-977382,227.823
mp-977384,204.49
mp-977385,95.25
mp-977390,225.21
mp-977391,73.027
mp-977392,53.469
mp-977396,113.246
mp-977398,71.476
mp-977399,84.673
mp-977401,233.221
mp-977403,12.052
mp-977404,83.856
mp-977407,197.44
mp-977408,176.002
mp-977415,89.835
mp-977416,103.391
mp-977418,68.967
mp-977421,132.553
mp-977425,243.884
mp-977427,174.554
mp-977428,68.224
mp-977430,188.842
mp-977434,208.891
mp-977436,188.517
mp-977438,136.968
mp-977439,35.63
mp-977442,37.583
mp-977443,205.066
mp-977444,121.198
mp-977445,80.699
mp-977455,140.937
mp-977462,121.203
mp-977463,136.68
mp-977534,203.512
mp-977537,161.156
mp-977541,206.099
mp-977542,42.072
mp-977545,238.342
mp-977546,56.628
mp-977547,140.599
mp-977549,196.255
mp-977550,188.108
mp-977553,63.365
mp-977554,72.567
mp-977559,73.819
mp-977561,222.448
mp-977563,209.556
mp-977565,78.758
mp-977566,101.961
mp-977570,70.817
mp-977572,175.266
mp-977573,141.255
mp-977578,159.375
mp-977580,64.52
mp-977582,172.759
mp-977585,96.017
mp-977589,60.245
mp-977997,217.767
mp-978009,188.781
mp-978034,5.436
mp-978083,52.345
mp-978085,52.072
mp-978088,41.583
mp-978089,89.437
mp-978095,50.071
mp-978100,51.212
mp-978256,35.144
mp-978261,172.297
mp-978264,151.681
mp-978265,72.28
mp-978267,84.27
mp-978270,80.271
mp-978273,37.897
mp-978274,42.072
mp-978275,183.359
mp-978276,59.866
mp-978277,44.069
mp-978278,11.036
mp-978280,40.626
mp-978281,41.632
mp-978282,40.931
mp-978283,38.832
mp-978285,46.208
mp-978286,44.054
mp-978287,72.683
mp-978290,85.241
mp-978291,48.729
mp-978293,36.348
mp-978294,41.535
mp-978303,80.582
mp-978304,69.102
mp-978489,199.931
mp-978490,232.071
mp-978493,203.42
mp-978496,129.631
mp-978498,64.254
mp-978500,264.313
mp-978502,77.887
mp-978504,182.901
mp-978507,52.79
mp-978509,153.635
mp-978513,40.708
mp-978514,41.344
mp-978515,61.458
mp-978519,56.287
mp-978523,81.396
mp-978524,84.687
mp-978527,54.144
mp-978529,63.549
mp-978534,73.122
mp-978537,57.325
mp-978542,55.814
mp-978543,52.76
mp-978545,59.622
mp-978546,66.598
mp-978547,56.065
mp-978549,59.305
mp-978554,218.927
mp-978555,83.241
mp-978557,61.688
mp-978563,56.394
mp-978564,53.46
mp-978568,193.812
mp-978624,75.698
mp-978625,46.667
mp-978796,56.106
mp-978797,47.667
mp-978798,32.856
mp-978807,57.031
mp-978808,58.628
mp-978815,55.425
mp-978823,39.02
mp-978824,93.022
mp-978833,55.99
mp-978846,20.719
mp-978851,144.779
mp-978853,90.062
mp-978856,45.849
mp-978907,68.02
mp-978911,64.962
mp-978918,59.661
mp-978926,145.68
mp-978929,34.157
mp-978950,55.434
mp-978952,146.405
mp-978953,33.088
mp-978964,52.8
mp-978969,86.313
mp-978973,56.78
mp-978975,54.245
mp-978976,131.544
mp-978986,76.495
mp-978987,70.823
mp-978988,68.08
mp-978995,135.403
mp-979009,62.166
mp-979011,67.086
mp-979013,65.983
mp-979014,20.33
mp-979026,41.991
mp-979039,72.964
mp-979044,86.553
mp-979057,57.911
mp-979073,46.104
mp-979074,158.954
mp-979115,115.12
mp-979176,71.509
mp-979234,35.996
mp-979258,65.115
mp-979263,46.981
mp-979265,237.169
mp-979267,231.554
mp-979269,27.4
mp-979270,96.964
mp-979287,67.917
mp-979289,275.924
mp-979293,32.87
mp-979294,110.647
mp-979339,41.081
mp-979417,56.229
mp-979419,40.892
mp-979421,61.225
mp-979423,69.461
mp-979424,57.035
mp-979425,68.344
mp-979427,60.525
mp-979429,57.371
mp-979430,55.052
mp-979431,62.844
mp-979434,54.087
mp-979435,44.842
mp-979459,35.469
mp-979465,54.374
mp-979614,36.589
mp-979712,59.82
mp-979715,65.616
mp-979751,211.21
mp-979899,36.414
mp-979910,218.716
mp-979923,72.777
mp-979931,169.646
mp-979933,59.796
mp-979934,63.799
mp-979935,10.064
mp-979936,9.676
mp-979940,25.447
mp-979945,20.968
mp-979950,27.943
mp-979955,19.156
mp-979956,18.16
mp-979961,38.785
mp-979962,36.361
mp-979963,20.615
mp-979965,93.151
mp-979967,39.597
mp-979968,34.65
mp-979984,77.34
mp-979987,106.657
mp-979989,47.651
mp-980001,28.124
mp-980004,93.932
mp-980006,45.883
mp-980014,52.713
mp-980034,19.265
mp-980044,41.352
mp-980053,64.929
mp-980054,62.462
mp-980055,42.167
mp-980058,60.84
mp-980059,102.32
mp-980062,48.824
mp-980063,33.683
mp-980064,52.673
mp-980068,71.092
mp-980191,11.948
mp-980192,224.333
mp-980193,139.691
mp-980199,52.438
mp-980200,125.139
mp-980203,308.449
mp-980206,132.156
mp-980392,72.216
mp-980429,44.884
mp-980646,89.137
mp-980662,66.272
mp-980669,209.285
mp-980749,232.744
mp-980760,99.958
mp-980905,47.267
mp-980942,42.606
mp-980946,14.914
mp-980947,31.022
mp-981103,89.762
mp-981207,54.772
mp-981210,37.409
mp-981214,28.947
mp-981215,118.899
mp-981232,122.685
mp-981233,177.103
mp-981234,35.777
mp-981250,121.889
mp-981252,37.533
mp-981311,29.409
mp-981312,122.147
mp-981365,268.222
mp-981367,98.451
mp-981375,55.161
mp-981376,112.688
mp-981378,12.899
mp-981379,65.214
mp-981384,258.846
mp-981386,141.571
mp-981393,82.566
mp-981397,30.717
mp-981458,73.373
mp-981530,64.73
mp-981547,83.047
mp-981548,53.212
mp-981747,35.158
mp-981749,104.348
mp-981933,72.915
mp-981935,17.319
mp-982004,83.172
mp-982009,54.037
mp-982010,50.574
mp-982015,38.201
mp-982017,51.765
mp-982040,86.685
mp-982048,178.568
mp-982070,270.236
mp-982195,22.351
mp-982245,132.88
mp-982261,44.759
mp-982370,7.773
mp-982381,67.875
mp-982387,56.196
mp-982388,42.853
mp-982393,56.992
mp-982511,97.878
mp-982557,69.96
mp-982558,142.29
mp-982596,45.098
mp-982613,55.365
mp-982637,11.333
mp-982664,6.456
mp-982665,6.339
mp-982666,115.85
mp-982667,136.0
mp-982724,53.76
mp-982725,237.553
mp-982734,265.886
mp-982739,111.695
mp-982772,87.278
mp-982773,11.861
mp-982779,118.463
mp-982780,5.074
mp-982869,60.622
mp-982873,11.581
mp-982974,105.456
mp-982975,112.446
mp-982981,20.449
mp-983063,58.175
mp-983123,121.119
mp-983126,63.012
mp-983154,75.923
mp-983229,74.896
mp-983230,65.049
mp-983236,87.655
mp-983237,43.085
mp-983358,172.287
mp-983388,4.365
mp-983425,50.35
mp-983427,60.869
mp-983428,55.936
mp-983459,101.368
mp-983497,93.69
mp-983509,11.971
mp-983539,140.648
mp-983555,94.432
mp-983556,51.119
mp-983564,164.961
mp-983565,86.186
mp-983567,22.937
mp-983583,68.856
mp-983584,49.964
mp-983585,78.655
mp-983586,49.655
mp-983587,54.432
mp-983590,151.52
mp-983603,75.818
mp-983604,56.983
mp-983908,77.836
mp-984104,108.554
mp-984240,40.397
mp-984351,96.627
mp-984352,203.003
mp-984357,38.067
mp-984523,9.811
mp-984544,95.673
mp-984551,44.138
mp-984553,286.217
mp-984627,63.653
mp-984628,195.881
mp-984699,10.675
mp-984702,51.683
mp-984705,181.137
mp-984711,220.871
mp-984714,46.738
mp-984718,132.161
mp-984719,103.296
mp-984721,189.356
mp-984728,274.047
mp-984729,79.071
mp-984744,23.597
mp-984754,40.295
mp-984767,57.572
mp-984772,34.023
mp-984785,34.101
mp-984791,45.017
mp-984796,37.503
mp-984873,119.201
mp-984876,103.917
mp-985059,25.05
mp-985278,114.006
mp-985280,147.231
mp-985281,44.499
mp-985282,83.095
mp-985283,82.772
mp-985285,63.448
mp-985287,121.49
mp-985296,105.215
mp-985300,37.45
mp-985302,25.621
mp-985303,32.211
mp-985439,57.169
mp-985443,79.37
mp-985450,37.832
mp-985554,26.403
mp-985578,90.176
mp-985579,147.957
mp-985584,22.647
mp-985585,51.628
mp-985586,31.663
mp-985805,94.159
mp-985806,96.231
mp-985828,67.157
mp-985829,14.334
mp-985831,16.811
mp-986716,50.639
mp-988939,59.005
mp-989192,39.388
mp-989193,18.583
mp-989399,42.035
mp-989402,31.841
mp-989404,40.468
mp-989405,16.592
mp-989504,59.139
mp-989512,22.841
mp-989513,99.971
mp-989514,17.435
mp-989516,14.69
mp-989523,36.315
mp-989524,167.515
mp-989527,35.858
mp-989528,23.765
mp-989530,100.89
mp-989533,39.944
mp-989535,23.35
mp-989537,31.424
mp-989538,27.515
mp-989539,23.369
mp-989540,43.347
mp-989541,33.711
mp-989542,22.374
mp-989545,18.041
mp-989548,34.898
mp-989551,41.494
mp-989553,22.583
mp-989554,135.546
mp-989560,16.605
mp-989561,42.375
mp-989562,33.191
mp-989563,17.958
mp-989564,243.043
mp-989566,37.52
mp-989568,31.063
mp-989570,23.328
mp-989573,18.72
mp-989575,23.081
mp-989576,163.844
mp-989578,38.727
mp-989579,19.666
mp-989580,34.612
mp-989583,20.952
mp-989585,26.386
mp-989586,85.068
mp-989590,45.559
mp-989592,37.078
mp-989605,28.556
mp-989608,18.551
mp-989609,144.802
mp-989613,178.71
mp-989635,106.478
mp-989642,23.548
mp-989644,16.182
mp-989651,12.699
mp-989695,132.163
mp-990076,246.057
mp-990084,13.51
mp-990430,75.39
mp-990440,80.895
mp-991676,30.476
mp-995181,4.869
mp-996161,200.473
mp-996162,169.752
mp-996940,269.191
mp-996944,14.846
mp-996954,172.104
mp-996960,19.738
mp-996961,56.84
mp-996964,111.634
mp-996965,88.77
mp-996971,155.3
mp-996973,46.181
mp-996975,111.192
mp-996979,67.271
mp-996981,88.891
mp-996983,63.604
mp-996987,78.449
mp-996990,82.961
mp-996992,70.805
mp-997005,97.227
mp-997006,123.077
mp-997009,71.713
mp-997010,87.57
mp-997012,136.396
mp-997024,25.856
mp-997025,68.491
mp-997027,17.499
mp-997030,112.571
mp-997031,136.108
mp-997034,76.627
mp-997037,113.831
mp-997041,48.702
mp-997042,21.672
mp-997054,45.335
mp-997055,73.064
mp-997082,59.145
mp-997084,40.617
mp-997085,80.968
mp-997086,79.857
mp-997094,80.847
mp-997100,77.721
mp-997108,23.26
mp-997590,183.604
mp-997617,354.637
mp-997618,98.422
mp-998147,39.029
mp-998196,30.662
mp-998307,33.583
mp-998414,86.522
mp-998552,159.196
mp-998866,355.313
mp-998883,61.324
mp-998893,124.296
mp-998894,82.805
mp-998903,258.929
mp-998908,201.627
mp-998913,14.064
mp-998947,247.859
mp-998964,192.595
mp-998965,246.765
mp-998970,187.429
mp-998971,215.232
mp-998973,170.979
mp-998974,187.342
mp-998980,189.547
mp-998981,102.749
mp-998982,113.274
mp-998986,131.4
mp-998987,123.634
mp-998988,109.768
mp-999027,107.662
mp-999047,153.082
mp-999052,108.188
mp-999053,121.628
mp-999054,138.266
mp-999060,154.865
mp-999067,145.264
mp-999068,117.59
mp-999069,412.064
mp-999072,96.88
mp-999076,35.899
mp-999079,105.546
mp-999086,278.811
mp-999088,180.213
mp-999096,104.525
mp-999117,343.828
mp-999118,288.337
mp-999120,301.077
mp-999121,29.494
mp-999124,81.785
mp-999126,44.885
mp-999127,37.348
mp-999130,76.757
mp-999132,28.406
mp-999133,201.83
mp-999139,18.901
mp-999145,70.621
mp-999188,198.862
mp-999190,151.847
mp-999192,173.822
mp-999198,308.669
mp-999200,81.337
mp-999201,93.51
mp-999204,82.594
mp-999207,72.919
mp-999257,113.031
mp-999258,81.341
mp-999259,284.565
mp-999263,273.586
mp-999264,323.875
mp-999266,392.349
mp-999269,24.988
mp-999274,14.995
mp-999287,143.047
mp-999294,133.636
mp-999298,159.176
mp-999307,329.587
mp-999308,374.861
mp-999317,319.999
mp-999318,88.03
mp-999336,73.81
mp-999355,224.464
mp-999357,304.91
mp-999376,229.595
mp-999377,273.377
mp-999388,236.476
mp-999389,198.022
mp-999390,226.813
mp-999395,187.538
mp-999396,174.363
mp-999439,183.542
mp-999450,35.686
mp-999455,43.099
mp-999460,51.116
mp-999470,41.505
mp-999473,169.406
mp-999474,37.932
mp-999484,48.406
mp-999485,135.277
mp-999490,45.768
mp-999495,29.531
mp-999496,27.127
mp-999498,273.401
mp-999502,275.137
mp-999503,258.81
mp-999508,170.737
mp-999516,105.134
mp-999540,51.3
mp-999542,195.98
mp-999545,125.464
mp-999549,352.115
mp-999550,184.623
mp-999558,198.379
mp-999576,218.838
mp-1001012,73.999
mp-1001019,57.484
mp-1001023,81.201
mp-1001581,150.185
mp-1001602,238.944
mp-1001612,97.309
mp-1001783,47.326
mp-1001784,60.842
mp-1001786,55.65
mp-1001788,178.43
mp-1001789,274.838
mp-1001790,36.573
mp-1001826,218.203
mp-1001827,323.532
mp-1001833,35.088
mp-1001834,238.794
mp-1001835,70.778
mp-1001914,85.092
mp-1001916,196.209
mp-1002069,20.106
mp-1002081,14.528
mp-1002083,10.751
mp-1002105,318.361
mp-1002117,335.61
mp-1002122,207.546
mp-1002124,158.82
mp-1002136,64.033
mp-1002165,160.406
mp-1002183,311.631
mp-1002187,282.66
mp-1002188,302.964
mp-1002206,252.718
mp-1002207,361.49
mp-1002210,79.757
mp-1002221,70.446
mp-1002222,107.027
mp-1002227,8.399000000000001
mp-1004526,176.693
mp-1005693,56.894
mp-1006057,51.388
mp-1006146,32.63
mp-1006226,38.35
mp-1006880,73.075
mp-1006886,119.446
mp-1006887,102.325
mp-1007637,17.067
mp-1007656,179.875
mp-1007657,232.863
mp-1007660,301.33
mp-1007663,29.727
mp-1007664,143.481
mp-1007666,83.589
mp-1007690,192.168
mp-1007691,176.476
mp-1007693,288.028
mp-1007730,103.976
mp-1007760,59.529
mp-1007761,295.549
mp-1007770,36.447
mp-1007776,45.906
mp-1007778,89.83
mp-1007821,198.722
mp-1007823,247.284
mp-1007852,191.847
mp-1007853,179.994
mp-1007855,193.048
mp-1007881,251.424
mp-1007906,67.398
mp-1007907,29.857
mp-1007908,29.759
mp-1007918,82.469
mp-1007923,196.281
mp-1007961,93.374
mp-1007974,205.939
mp-1008223,32.551
mp-1008224,222.218
mp-1008274,274.04
mp-1008275,155.147
mp-1008277,187.113
mp-1008278,240.418
mp-1008279,255.044
mp-1008280,380.486
mp-1008282,227.443
mp-1008285,239.14
mp-1008349,258.138
mp-1008374,311.565
mp-1008376,41.701
mp-1008395,401.484
mp-1008483,101.532
mp-1008487,339.625
mp-1008488,89.644
mp-1008500,67.199
mp-1008506,48.357
mp-1008523,342.032
mp-1008524,88.735
mp-1008525,321.128
mp-1008526,322.966
mp-1008528,146.701
mp-1008530,204.053
mp-1008554,99.015
mp-1008555,138.447
mp-1008556,183.528
mp-1008557,257.912
mp-1008559,162.161
mp-1008561,30.528
mp-1008568,106.1
mp-1008610,172.053
mp-1008617,51.549
mp-1008625,315.374
mp-1008630,366.4
mp-1008631,143.581
mp-1008632,218.716
mp-1008634,120.075
mp-1008635,262.759
mp-1008642,197.231
mp-1008653,133.032
mp-1008677,246.526
mp-1008680,151.635
mp-1008682,60.041
mp-1008688,73.05
mp-1008702,67.275
mp-1008776,53.228
mp-1008785,284.209
mp-1008786,46.024
mp-1008798,332.601
mp-1008805,348.477
mp-1008826,334.82
mp-1008835,357.547
mp-1008860,32.808
mp-1008866,59.264
mp-1008872,111.271
mp-1008873,118.385
mp-1008874,116.02
mp-1008876,133.924
mp-1008881,94.365
mp-1008903,58.085
mp-1008911,43.203
mp-1008918,119.78
mp-1008922,203.809
mp-1008925,63.254
mp-1008926,44.382
mp-1008928,38.732
mp-1008929,193.323
mp-1008987,257.278
mp-1008999,69.443
mp-1009006,46.662
mp-1009008,54.624
mp-1009014,97.277
mp-1009019,200.505
mp-1009077,173.813
mp-1009078,297.425
mp-1009079,60.543
mp-1009083,55.805
mp-1009087,76.364
mp-1009088,68.992
mp-1009130,260.012
mp-1009131,33.641
mp-1009133,192.154
mp-1009217,69.337
mp-1009218,240.168
mp-1009221,34.757
mp-1009222,35.201
mp-1009223,42.172
mp-1009264,207.312
mp-1009458,206.433
mp-1009471,299.401
mp-1009485,313.927
mp-1009488,258.337
mp-1009504,58.661
mp-1009533,215.846
mp-1009544,10.753
mp-1009545,221.916
mp-1009548,211.396
mp-1009582,256.077
mp-1009592,93.912
mp-1009593,101.026
mp-1009639,94.434
mp-1009655,185.823
mp-1009657,82.688
mp-1009695,121.439
mp-1009731,395.957
mp-1009733,36.951
mp-1009734,220.176
mp-1009735,411.017
mp-1009746,63.76
mp-1009750,140.651
mp-1009755,34.833
mp-1009756,28.076
mp-1009770,260.463
mp-1009787,321.211
mp-1009792,269.305
mp-1009813,55.027
mp-1009818,397.571
mp-1009820,122.138
mp-1009822,130.966
mp-1009828,24.222
mp-1009829,98.66
mp-1009831,312.497
mp-1009832,224.634
mp-1009833,247.811
mp-1009834,168.314
mp-1009836,225.944
mp-1009838,217.333
mp-1009848,239.569
mp-1009894,145.849
mp-1010071,214.789
mp-1010953,92.625
mp-1011375,53.95
mp-1011695,11.808
mp-1012551,29.178
mp-1012640,191.177
mp-1013524,61.811
mp-1013525,26.366
mp-1013527,83.09
mp-1013528,36.533
mp-1013529,46.799
mp-1013533,40.54
mp-1013540,36.021
mp-1013544,35.485
mp-1013546,29.002
mp-1013547,39.504
mp-1013548,57.655
mp-1013549,35.813
mp-1013550,38.669
mp-1013553,31.673
mp-1013554,49.284
mp-1013555,47.628
mp-1013558,37.265
mp-1013564,28.457
mp-1013582,20.26
mp-1013584,20.003
mp-1013585,23.823
mp-1013587,22.202
mp-1013588,31.726
mp-1013642,38.905
mp-1013643,30.724
mp-1013702,26.696
mp-1013703,26.621
mp-1013704,26.893
mp-1013708,17.51
mp-1013710,3.97
mp-1013712,19.718
mp-1013713,18.193
mp-1013714,19.616
mp-1013716,18.404
mp-1013719,19.129
mp-1013733,28.372
mp-1013734,38.422
mp-1013736,18.785
mp-1014168,17.687
mp-1014219,115.663
mp-1014227,147.64
mp-1014229,112.106
mp-1014230,110.695
mp-1014231,109.609
mp-1014244,177.173
mp-1014246,159.802
mp-1014251,188.438
mp-1014252,149.253
mp-1014257,145.73
mp-1014261,192.223
mp-1014264,265.131
mp-1014265,174.788
mp-1014307,217.405
mp-1014373,112.156
mp-1014460,274.267
mp-1016108,154.329
mp-1016197,57.986
mp-1016200,52.437
mp-1016296,39.303
mp-1016329,38.931
mp-1016601,44.097
mp-1016819,162.57
mp-1016820,154.103
mp-1016821,175.849
mp-1016823,137.118
mp-1016825,168.944
mp-1016826,172.48
mp-1016827,185.85
mp-1016829,161.797
mp-1016831,175.489
mp-1016836,208.753
mp-1016837,138.108
mp-1016840,202.882
mp-1016841,159.867
mp-1016842,174.512
mp-1016843,174.473
mp-1016845,155.518
mp-1016846,181.549
mp-1016848,169.881
mp-1016850,134.066
mp-1016851,178.37
mp-1016871,146.764
mp-1016872,172.529
mp-1016873,166.721
mp-1016874,221.487
mp-1016876,235.713
mp-1016877,148.652
mp-1016879,228.217
mp-1016881,152.367
mp-1016882,192.236
mp-1016883,149.835
mp-1016884,172.617
mp-1016900,190.541
mp-1016902,151.079
mp-1016903,182.736
mp-1016926,201.293
mp-1016928,230.404
mp-1016930,190.693
mp-1016999,158.897
mp-1017000,157.164
mp-1017377,46.07
mp-1017446,167.615
mp-1017447,172.111
mp-1017507,86.722
mp-1017508,30.603
mp-1017509,90.601
mp-1017511,284.19
mp-1017514,222.992
mp-1017515,199.678
mp-1017529,239.242
mp-1017531,236.927
mp-1017532,323.541
mp-1017533,146.084
mp-1017534,50.014
mp-1017540,79.118
mp-1017542,278.47
mp-1017543,170.19
mp-1017544,224.96
mp-1017546,225.65
mp-1017549,106.786
mp-1017552,118.12
mp-1017554,182.751
mp-1017555,80.268
mp-1017566,157.328
mp-1017578,223.425
mp-1017626,79.537
mp-1017627,99.463
mp-1017629,109.663
mp-1017631,153.391
mp-1017632,174.329
mp-1017981,24.448
mp-1017985,102.455
mp-1017987,331.138
mp-1018009,44.934
mp-1018012,197.425
mp-1018015,140.634
mp-1018020,77.26
mp-1018023,138.52
mp-1018024,205.404
mp-1018025,115.236
mp-1018026,44.019
mp-1018027,334.002
mp-1018028,139.693
mp-1018029,147.228
mp-1018030,58.297
mp-1018031,86.691
mp-1018032,97.832
mp-1018033,141.419
mp-1018040,44.971
mp-1018042,75.465
mp-1018048,135.707
mp-1018050,336.54
mp-1018051,51.441
mp-1018053,68.624
mp-1018054,231.325
mp-1018057,116.852
mp-1018059,44.722
mp-1018060,177.04
mp-1018061,207.518
mp-1018062,177.299
mp-1018066,167.812
mp-1018067,178.768
mp-1018072,51.499
mp-1018079,79.184
mp-1018080,137.255
mp-1018082,173.777
mp-1018083,38.574
mp-1018085,185.482
mp-1018089,41.321
mp-1018096,45.001
mp-1018097,80.465
mp-1018098,37.437
mp-1018100,49.329
mp-1018102,145.885
mp-1018104,78.996
mp-1018107,13.477
mp-1018122,43.971
mp-1018124,162.15
mp-1018126,36.141
mp-1018128,88.836
mp-1018132,38.773
mp-1018133,82.256
mp-1018134,13.804
mp-1018135,46.596
mp-1018136,78.997
mp-1018138,9.164
mp-1018139,81.591
mp-1018140,88.25
mp-1018142,223.571
mp-1018144,82.577
mp-1018148,117.569
mp-1018149,101.63
mp-1018150,21.331
mp-1018151,194.599
mp-1018154,111.5
mp-1018157,215.484
mp-1018161,104.241
mp-1018164,213.851
mp-1018165,259.237
mp-1018166,224.534
mp-1018179,127.617
mp-1018629,153.404
mp-1018635,166.014
mp-1018636,153.925
mp-1018639,175.285
mp-1018641,96.02
mp-1018643,142.867
mp-1018647,99.841
mp-1018649,376.878
mp-1018652,21.748
mp-1018656,41.258
mp-1018657,49.307
mp-1018664,128.806
mp-1018672,124.542
mp-1018674,70.298
mp-1018679,58.827
mp-1018683,77.099
mp-1018684,49.451
mp-1018685,76.553
mp-1018689,65.841
mp-1018690,75.136
mp-1018692,59.579
mp-1018694,75.872
mp-1018699,46.265
mp-1018702,42.42
mp-1018709,93.197
mp-1018712,94.047
mp-1018714,125.165
mp-1018717,87.513
mp-1018718,271.821
mp-1018720,160.956
mp-1018721,185.839
mp-1018724,76.985
mp-1018725,101.221
mp-1018726,156.878
mp-1018728,77.657
mp-1018732,59.177
mp-1018734,304.326
mp-1018743,109.911
mp-1018745,78.626
mp-1018751,79.438
mp-1018752,55.059
mp-1018764,44.465
mp-1018770,37.325
mp-1018780,38.262
mp-1018786,30.709
mp-1018794,48.583
mp-1018803,86.94
mp-1018804,126.738
mp-1018809,27.047
mp-1018814,58.382
mp-1018818,58.83
mp-1018849,353.873
mp-1018850,361.737
mp-1018895,77.229
mp-1018902,86.816
mp-1018936,57.378
mp-1018940,69.96
mp-1018941,57.809
mp-1018948,387.147
mp-1018949,15.6
mp-1019052,366.211
mp-1019054,348.768
mp-1019055,384.053
mp-1019086,84.186
mp-1019087,38.053
mp-1019089,27.165
mp-1019097,165.345
mp-1019100,84.808
mp-1019105,19.85
mp-1019108,104.084
mp-1019109,89.845
mp-1019138,59.933
mp-1019255,52.82
mp-1019259,36.162
mp-1019262,240.219
mp-1019266,56.908
mp-1019272,288.589
mp-1019277,32.261
mp-1019279,37.518
mp-1019280,32.355
mp-1019317,309.759
mp-1019319,322.518
mp-1019324,58.632
mp-1019357,86.821
mp-1019358,97.846
mp-1019359,78.808
mp-1019360,89.668
mp-1019361,69.097
mp-1019362,65.77
mp-1019380,223.081
mp-1019508,177.124
mp-1019509,32.078
mp-1019541,90.795
mp-1019544,147.064
mp-1019550,189.429
mp-1019551,82.728
mp-1019564,41.392
mp-1019573,126.05
mp-1019584,125.948
mp-1019740,302.943
mp-1019743,206.368
mp-1020011,83.023
mp-1020019,87.664
mp-1020059,122.768
mp-1020622,142.374
mp-1020703,117.612
mp-1021323,140.283
mp-1021327,15.287
mp-1021328,0.79
mp-1021424,39.445
mp-1021431,11.698
mp-1021478,35.604
mp-1021489,202.01
mp-1021499,75.852
mp-1021503,275.987
mp-1021516,8.242
mp-1021672,76.475
mp-1021848,27.035
mp-1022051,46.621
mp-1022116,46.163
mp-1022207,46.323
mp-1022488,35.637
mp-1022553,41.717
mp-1022723,145.569
mp-1022725,46.107
mp-1022726,30.978
mp-1022728,112.469
mp-1022804,31.352
mp-1023125,126.208
mp-1023127,97.683
mp-1023128,104.037
mp-1023129,38.496
mp-1023132,19.095
mp-1023161,41.748
mp-1023193,42.167
mp-1023208,43.917
mp-1023319,34.78
mp-1023329,38.262
mp-1023366,33.841
mp-1023924,10.685
mp-1023934,9.262
mp-1023936,9.224
mp-1023939,15.035
mp-1024067,30.666
mp-1024071,205.034
mp-1024954,79.602
mp-1024955,88.333
mp-1024957,109.749
mp-1024963,171.359
mp-1024984,161.456
mp-1024987,104.289
mp-1024990,251.607
mp-1024991,86.857
mp-1024993,247.431
mp-1024994,110.424
mp-1025010,146.818
mp-1025017,177.35
mp-1025022,163.795
mp-1025028,79.699
mp-1025030,189.776
mp-1025045,140.178
mp-1025056,193.609
mp-1025067,157.22
mp-1025069,53.735
mp-1025071,232.651
mp-1025075,246.928
mp-1025077,76.389
mp-1025096,70.145
mp-1025102,130.404
mp-1025105,84.386
mp-1025113,165.87
mp-1025116,109.243
mp-1025123,242.745
mp-1025126,72.283
mp-1025134,115.869
mp-1025136,79.76
mp-1025150,30.602
mp-1025151,63.633
mp-1025154,42.627
mp-1025155,87.39
mp-1025156,170.195
mp-1025158,53.382
mp-1025161,154.477
mp-1025165,131.585
mp-1025167,133.265
mp-1025170,224.584
mp-1025172,96.685
mp-1025173,104.193
mp-1025176,90.233
mp-1025177,35.076
mp-1025180,48.783
mp-1025181,166.232
mp-1025182,64.874
mp-1025183,165.827
mp-1025185,17.305
mp-1025187,197.567
mp-1025190,100.763
mp-1025191,84.543
mp-1025192,292.905
mp-1025193,103.655
mp-1025200,133.071
mp-1025201,10.332
mp-1025203,67.424
mp-1025205,142.796
mp-1025207,47.988
mp-1025208,36.666
mp-1025212,189.205
mp-1025213,203.239
mp-1025218,179.035
mp-1025219,46.041
mp-1025220,197.096
mp-1025222,136.71
mp-1025223,116.342
mp-1025224,92.785
mp-1025225,86.188
mp-1025229,108.798
mp-1025232,76.515
mp-1025236,96.87
mp-1025237,96.473
mp-1025238,96.793
mp-1025241,90.193
mp-1025242,93.026
mp-1025246,167.373
mp-1025248,126.95
mp-1025252,17.789
mp-1025257,97.33
mp-1025258,157.545
mp-1025261,144.919
mp-1025263,91.139
mp-1025264,181.898
mp-1025265,24.684
mp-1025266,156.439
mp-1025267,13.971
mp-1025270,214.19
mp-1025271,218.902
mp-1025272,209.307
mp-1025273,15.699
mp-1025274,34.259
mp-1025276,177.684
mp-1025277,171.663
mp-1025278,53.889
mp-1025280,89.884
mp-1025281,69.621
mp-1025285,114.211
mp-1025286,37.238
mp-1025288,92.096
mp-1025291,82.772
mp-1025293,144.791
mp-1025296,154.449
mp-1025301,163.164
mp-1025302,148.263
mp-1025304,112.537
mp-1025306,197.309
mp-1025309,165.622
mp-1025311,183.707
mp-1025313,101.134
mp-1025315,27.918
mp-1025318,95.313
mp-1025321,19.075
mp-1025322,76.389
mp-1025323,160.099
mp-1025324,201.214
mp-1025325,100.231
mp-1025329,186.651
mp-1025331,21.185
mp-1025334,14.059
mp-1025335,98.232
mp-1025338,36.339
mp-1025339,124.98
mp-1025345,49.615
mp-1025346,152.092
mp-1025348,145.845
mp-1025349,117.107
mp-1025351,37.73
mp-1025353,180.729
mp-1025354,131.673
mp-1025356,194.2
mp-1025358,134.393
mp-1025360,59.913
mp-1025364,95.067
mp-1025365,118.477
mp-1025370,198.864
mp-1025372,155.926
mp-1025373,6.037
mp-1025375,85.957
mp-1025377,10.114
mp-1025378,49.149
mp-1025379,160.424
mp-1025385,200.192
mp-1025386,196.589
mp-1025390,87.646
mp-1025393,116.907
mp-1025396,18.062
mp-1025397,171.945
mp-1025408,123.961
mp-1025409,110.101
mp-1025413,132.143
mp-1025415,143.898
mp-1025420,101.226
mp-1025421,67.594
mp-1025425,215.784
mp-1025431,97.549
mp-1025437,95.872
mp-1025441,195.615
mp-1025448,102.153
mp-1025453,122.727
mp-1025456,56.574
mp-1025457,126.648
mp-1025461,60.485
mp-1025473,43.547
mp-1025478,101.371
mp-1025497,174.748
mp-1025500,63.497
mp-1025504,100.012
mp-1025524,115.186
mp-1025526,112.13
mp-1025549,19.502
mp-1025550,157.125
mp-1025551,167.158
mp-1025552,103.459
mp-1025554,91.203
mp-1025557,212.426
mp-1025565,71.744
mp-1025571,19.263
mp-1025575,15.148
mp-1025799,13.904
mp-1025874,17.107
mp-1028698,16.447
mp-1029037,19.986
mp-1029251,104.541
mp-1029258,122.599
mp-1029262,152.958
mp-1029267,159.589
mp-1029293,105.401
mp-1029294,83.514
mp-1029309,33.135
mp-1029312,39.935
mp-1029313,94.744
mp-1029316,39.38
mp-1029330,159.176
mp-1029334,129.688
mp-1029336,36.495
mp-1029337,148.143
mp-1029338,147.437
mp-1029347,66.018
mp-1029349,67.613
mp-1029357,63.702
mp-1029359,167.939
mp-1029368,128.676
mp-1029374,144.299
mp-1029378,114.786
mp-1029385,112.952
mp-1029395,87.366
mp-1029396,114.728
mp-1029403,129.861
mp-1029404,135.298
mp-1029408,118.753
mp-1029420,39.714
mp-1029422,138.984
mp-1029424,134.345
mp-1029442,122.385
mp-1029448,70.247
mp-1029457,94.162
mp-1029458,154.566
mp-1029469,131.461
mp-1029474,79.323
mp-1029479,91.659
mp-1029490,69.598
mp-1029498,84.311
mp-1029520,124.288
mp-1029522,75.104
mp-1029531,58.683
mp-1029532,74.548
mp-1029536,149.501
mp-1029537,44.581
mp-1029542,54.672
mp-1029562,85.511
mp-1029573,37.747
mp-1029574,39.663
mp-1029580,71.003
mp-1029592,80.904
mp-1029595,41.387
mp-1029605,44.14
mp-1029610,79.531
mp-1029633,95.413
mp-1029640,48.894
mp-1029652,141.881
mp-1029655,56.853
mp-1029656,53.691
mp-1029659,71.871
mp-1029660,86.996
mp-1029699,17.81
mp-1029702,161.671
mp-1029726,83.44
mp-1029730,88.682
mp-1029733,104.031
mp-1029737,88.844
mp-1029739,76.66
mp-1029741,65.898
mp-1029750,61.376
mp-1029756,29.455
mp-1029776,83.069
mp-1029779,148.878
mp-1029782,108.798
mp-1029784,25.925
mp-1029791,119.793
mp-1029799,72.97
mp-1029826,84.062
mp-1029834,157.33
mp-1029838,92.015
mp-1029868,81.348
mp-1029903,110.992
mp-1029921,112.618
mp-1029923,88.705
mp-1029932,80.75
mp-1029943,79.585
mp-1030827,16.34
mp-1038767,41.755
mp-1038814,42.487
mp-1038879,20.037
mp-1038915,26.262
mp-1038916,65.112
mp-1038961,21.589
mp-1038972,40.284
mp-1038975,40.188
mp-1039019,48.143
mp-1039055,38.741
mp-1039073,40.241
mp-1039124,41.638
mp-1039147,32.75
mp-1039198,39.456
mp-1039208,22.911
mp-1039293,38.235
mp-1039368,21.47
mp-1039383,29.005
mp-1039385,18.063
mp-1039434,38.04
mp-1040467,197.673
mp-1041194,81.581
mp-1041411,85.547
mp-1042098,6.954
mp-1042127,1.723
mp-1042151,78.076
mp-1046056,27.729
mp-1047016,64.706
mp-1047145,60.487
mp-1047156,63.223
mp-1052023,59.925
mp-1056920,9.862
mp-1057286,8.987
mp-1057979,89.968
mp-1059256,32.605
mp-1063005,13.65
mp-1064272,5.642
mp-1064554,111.998
mp-1064715,88.221
mp-1064719,67.304
mp-1065394,350.498
mp-1065811,87.558
mp-1069604,103.918
mp-1070857,167.643
mp-1070859,151.371
mp-1071448,87.707
mp-1071541,28.836
mp-1072181,65.924
mp-1072922,60.169
mp-1077102,61.628
mp-1077232,353.556
mp-1077353,156.801
mp-1077723,88.774
mp-1077929,124.285
mp-1078253,273.514
mp-1078278,274.936
mp-1078389,351.233
mp-1078464,142.529
mp-1078497,69.78
mp-1078600,42.537
mp-1079020,61.934
mp-1079239,55.737
mp-1079348,338.097
mp-1079437,262.93
mp-1079629,145.308
mp-1079630,140.02
mp-1079896,56.915
mp-1080664,304.935
mp-1087505,201.105
mp-1095505,173.577
mp-1095534,149.065
mp-1095591,85.104
mp-1095682,229.35
mp-1096799,121.5
mp-1101156,222.105
mp-1101329,84.414
mp-1101843,92.315
mp-1102078,130.886
mp-1102359,68.625
mp-1102585,276.868
mp-1102762,79.756
mp-1103642,47.099
mp-1103697,50.704
mp-1104008,60.633
mp-1105147,138.817
mp-1105595,89.508
mp-1105622,11.595
mp-1105681,156.673
mp-1105765,111.184
mp-1105780,33.361
mp-1105839,203.871
mp-1106184,274.672
mp-1106404,216.78
mp-1120447,67.85
mp-1129406,79.469
mp-1180259,141.905
mp-1180279,50.398
mp-1181812,15.864
mp-1183691,357.173
mp-1184554,7.877
mp-1184569,11.457
mp-1184755,3.576
mp-1184761,359.91
mp-1184771,323.477
mp-1184863,6.71
mp-1185209,52.049
mp-1186018,18.941
mp-1186852,4.215
mp-1186901,364.898
mp-1186902,365.406
mp-1186923,328.997
mp-1188121,21.448
mp-1188441,141.045
mp-1188869,302.64
mp-1189355,91.797
mp-1189451,310.237
mp-1190680,14.053
mp-1190697,128.842
mp-1190963,155.341
mp-1191390,181.007
mp-1191630,223.874
mp-1192758,106.023
mp-1196039,31.174
mp-1196116,226.401
mp-1196187,61.818
mp-1196695,46.316
mp-1198750,27.639
mp-1200331,27.179
mp-1201205,20.395
mp-1205309,43.817
mp-1206441,277.143
mp-1210846,218.149
mp-1215178,242.634
mp-1215198,232.951
mp-1215209,268.949
mp-1215211,260.513
mp-1216295,354.771
mp-1216375,201.539
mp-1216398,279.569
mp-1216445,271.858
mp-1216475,295.129
mp-1216493,293.232
mp-1216667,267.608
mp-1216692,268.26
mp-1216966,277.905
mp-1217363,306.075
mp-1217818,293.658
mp-1217898,276.819
mp-1217924,308.794
mp-1217958,245.291
mp-1217964,315.136
mp-1217965,296.676
mp-1217974,324.571
mp-1217975,266.336
mp-1219503,282.182
mp-1219509,385.891
mp-1219553,11.822
mp-1219652,19.292
mp-1220023,355.651
mp-1220351,287.133
mp-1220383,297.126
mp-1220650,303.254
mp-1221393,365.494
mp-1221519,353.135
mp-1223655,374.508
mp-1223677,354.211
mp-1223860,326.804
mp-1224184,244.894
mp-1224257,269.121
mp-1224263,247.465
mp-1224283,277.689
mp-1224328,268.296
mp-1225884,10.872
mp-1226195,17.551
mp-1226242,301.097
mp-1226352,307.831
mp-1228631,320.077
mp-1228634,291.541
mp-1228652,209.358
mp-1232339,128.198
mp-1238815,238.023
mp-1252369,172.924
mp-1340758,118.951
mp-1345518,155.411
mp-1374018,128.105
mp-1383723,15.823
mp-1386610,107.769
mp-1389664,29.275
mp-1390196,30.307
mp-1390618,42.723
mp-1394400,55.059
mp-1400172,68.54
mp-1400520,71.914
mp-1402513,108.953
mp-1402707,109.74
mp-1405065,60.301
mp-1406000,119.883
mp-1407236,47.363
mp-1408285,86.709
mp-1412082,187.703
mp-1412249,145.937
mp-1412687,135.269
mp-1413511,105.509
mp-1418444,134.977
mp-1418929,152.504
mp-1419175,36.048
mp-1421511,127.135
mp-1424898,113.052
mp-1426094,152.634
mp-1428312,147.992
mp-1430706,308.354
mp-1430957,136.422
mp-1432347,182.599
mp-1436662,188.993
mp-1443298,141.445
mp-1444267,127.838
mp-1445082,7.511
mp-1475723,180.192
mp-1504314,160.131
mp-1,1.974
mp-2,166.982
mp-7,1.874
mp-8,365.046
mp-9,39.59
mp-10,79.731
mp-11,31.388
mp-13,207.093
mp-17,252.155
mp-18,38.449
mp-19,19.355
mp-20,125.076
mp-23,173.808
mp-24,387.827
mp-25,0.6920000000000001
mp-26,25.86
mp-28,39.338
mp-30,151.394
mp-32,57.916
mp-33,310.062
mp-34,106.499
mp-36,50.651
mp-37,55.005
mp-38,32.216
mp-42,195.555
mp-44,147.81
mp-45,17.224
mp-46,112.944
mp-47,435.374
mp-48,115.976
mp-49,400.41
mp-50,194.527
mp-51,13.874
mp-56,8.259
mp-64,44.169
mp-66,435.156
mp-67,54.533
mp-68,35.412
mp-69,36.692
mp-70,2.79
mp-71,15.868
mp-72,112.881
mp-74,252.9
mp-75,172.05
mp-76,10.978
mp-78,69.319
mp-82,26.378
mp-84,47.261
mp-85,35.245
mp-86,36.407
mp-87,120.019
mp-88,40.246
mp-90,233.652
mp-91,302.264
mp-92,107.613
mp-94,41.91
mp-95,12.611
mp-97,32.21
mp-99,44.76
mp-101,345.128
mp-102,200.587
mp-103,108.287
mp-104,32.445
mp-105,34.252
mp-110,36.66
mp-111,3.177
mp-112,41.717
mp-113,296.007
mp-114,34.9
mp-117,35.858
mp-118,0.973
mp-122,8.934
mp-123,33.844
mp-124,87.692
mp-126,248.014
mp-128,55.811
mp-129,262.529
mp-130,49.335
mp-131,93.831
mp-132,17.349
mp-133,56.475
mp-135,13.87
mp-136,295.605
mp-137,53.667
mp-139,11.529
mp-142,50.024
mp-143,45.516
mp-144,43.126
mp-146,181.232
mp-147,4.152
mp-149,88.916
mp-153,36.448
mp-156,20.188
mp-157,20.688
mp-159,31.862
mp-160,210.223
mp-162,14.766
mp-165,88.815
mp-168,86.24
mp-169,115.697
mp-171,217.129
mp-173,110.784
mp-178,72.139
mp-182,41.237
mp-188,224.023
mp-189,203.638
mp-191,106.896
mp-193,105.707
mp-195,174.749
mp-196,124.129
mp-203,114.446
mp-213,55.058
mp-214,180.261
mp-215,57.085
mp-217,57.284
mp-218,130.35
mp-219,219.328
mp-223,32.439
mp-224,28.304
mp-226,145.937
mp-227,104.928
mp-229,209.808
mp-230,94.068
mp-232,112.175
mp-237,66.367
mp-238,131.6
mp-239,33.079
mp-241,95.332
mp-242,144.836
mp-246,102.198
mp-248,248.656
mp-249,117.671
mp-250,39.618
mp-251,330.533
mp-252,56.315
mp-255,17.221
mp-256,121.33
mp-258,138.858
mp-259,224.498
mp-260,295.159
mp-265,323.564
mp-266,123.894
mp-274,96.984
mp-276,119.456
mp-279,141.786
mp-280,147.937
mp-282,109.445
mp-284,178.781
mp-288,131.19
mp-291,248.343
mp-292,195.129
mp-295,77.463
mp-300,158.564
mp-303,47.618
mp-305,198.715
mp-306,33.164
mp-308,163.668
mp-309,83.938
mp-313,113.31
mp-314,85.628
mp-315,67.722
mp-316,243.086
mp-317,140.398
mp-318,146.445
mp-319,48.346
mp-321,80.123
mp-322,23.073
mp-323,127.629
mp-328,117.807
mp-331,78.486
mp-334,101.191
mp-335,47.617
mp-341,31.019
mp-342,60.983
mp-343,133.177
mp-344,180.219
mp-345,172.719
mp-348,97.651
mp-349,52.419
mp-350,68.334
mp-351,164.819
mp-352,204.904
mp-355,64.481
mp-357,120.483
mp-361,111.715
mp-362,126.928
mp-363,144.24
mp-364,194.408
mp-365,158.697
mp-370,71.97
mp-372,237.489
mp-374,259.702
mp-375,153.034
mp-376,56.073
mp-377,122.628
mp-378,94.174
mp-379,50.145
mp-380,56.264
mp-381,257.369
mp-384,57.463
mp-389,151.127
mp-390,184.247
mp-392,75.787
mp-395,102.705
mp-397,38.647
mp-398,73.646
mp-399,45.176
mp-400,72.11
mp-401,55.932
mp-402,54.996
mp-404,46.771
mp-406,35.041
mp-408,49.429
mp-409,26.857
mp-410,141.375
mp-413,118.372
mp-415,339.595
mp-416,279.999
mp-417,183.708
mp-419,154.194
mp-422,92.273
mp-423,152.76
mp-425,153.466
mp-426,132.749
mp-427,160.334
mp-428,38.445
mp-429,144.695
mp-430,157.994
mp-432,234.476
mp-433,64.494
mp-435,68.417
mp-436,101.019
mp-437,81.405
mp-438,74.377
mp-441,11.393
mp-443,65.801
mp-446,242.7
mp-448,248.591
mp-449,175.831
mp-450,286.562
mp-451,160.149
mp-452,108.351
mp-454,39.224
mp-458,214.394
mp-460,50.277
mp-463,29.839
mp-464,82.998
mp-467,147.036
mp-468,39.119
mp-470,202.915
mp-471,36.727
mp-475,73.018
mp-477,71.852
mp-480,166.753
mp-481,198.156
mp-484,15.222
mp-485,173.5
mp-486,113.025
mp-487,137.01
mp-488,64.721
mp-489,108.621
mp-492,278.511
mp-495,68.978
mp-496,58.246
mp-500,23.348
mp-501,24.691
mp-503,118.095
mp-504,79.551
mp-507,202.978
mp-514,110.274
mp-516,63.1
mp-517,184.701
mp-522,138.201
mp-523,62.481
mp-527,19.668
mp-534,246.599
mp-535,193.027
mp-538,34.318
mp-539,31.225
mp-541,187.381
mp-542,27.259
mp-546,156.517
mp-548,228.632
mp-549,65.333
mp-550,91.875
mp-551,42.631
mp-555,185.005
mp-556,139.087
mp-557,31.251
mp-559,124.541
mp-560,105.164
mp-562,105.593
mp-563,383.458
mp-564,97.958
mp-565,107.752
mp-568,89.181
mp-570,58.456
mp-572,51.061
mp-573,88.611
mp-574,213.632
mp-576,223.146
mp-578,82.611
mp-579,110.843
mp-580,120.478
mp-582,195.743
mp-590,117.218
mp-592,215.387
mp-594,134.158
mp-597,151.359
mp-601,75.919
mp-602,16.944
mp-603,125.633
mp-606,100.456
mp-608,142.93
mp-613,106.336
mp-615,41.771
mp-617,41.116
mp-623,143.364
mp-625,105.762
mp-627,76.476
mp-628,110.323
mp-631,251.478
mp-633,56.392
mp-634,9.306
mp-635,185.005
mp-637,177.419
mp-638,52.276
mp-641,5.969
mp-643,188.295
mp-645,85.585
mp-646,47.806
mp-647,178.15
mp-648,28.189
mp-649,263.838
mp-650,142.084
mp-656,104.585
mp-657,47.078
mp-661,194.62
mp-662,118.982
mp-663,71.314
mp-665,11.592
mp-668,69.061
mp-669,86.769
mp-672,53.116
mp-673,124.103
mp-674,109.965
mp-675,213.964
mp-676,46.695
mp-679,145.923
mp-682,46.136
mp-691,23.839
mp-692,56.514
mp-693,40.884
mp-694,17.979
mp-696,173.672
mp-697,192.235
mp-700,19.51
mp-706,31.037
mp-708,66.566
mp-710,80.277
mp-712,70.25
mp-715,245.659
mp-717,168.858
mp-718,145.871
mp-720,6.828
mp-721,54.797
mp-725,234.909
mp-726,17.612
mp-728,50.698
mp-729,246.829
mp-730,175.121
mp-731,42.628
mp-733,37.861
mp-736,39.519
mp-738,72.555
mp-739,139.085
mp-741,224.899
mp-742,130.928
mp-743,17.987
mp-744,88.424
mp-745,50.194
mp-747,103.144
mp-749,145.3
mp-753,47.732
mp-754,95.422
mp-755,98.829
mp-756,79.498
mp-757,34.809
mp-759,49.613
mp-760,125.468
mp-763,147.434
mp-766,150.88
mp-767,43.833
mp-768,77.938
mp-771,122.529
mp-772,89.456
mp-774,115.071
mp-776,45.631
mp-778,219.035
mp-782,53.053
mp-786,56.824
mp-788,113.699
mp-790,182.998
mp-793,40.597
mp-795,52.319
mp-797,127.136
mp-800,175.007
mp-801,290.754
mp-804,172.144
mp-810,108.123
mp-811,147.734
mp-814,81.802
mp-817,46.269
mp-818,195.549
mp-819,188.948
mp-820,42.533
mp-823,351.113
mp-825,252.231
mp-827,20.517
mp-828,209.083
mp-829,155.221
mp-830,171.704
mp-832,94.522
mp-833,93.613
mp-834,176.864
mp-836,57.624
mp-838,149.365
mp-839,186.748
mp-840,146.007
mp-841,72.65
mp-842,132.905
mp-844,67.434
mp-846,114.235
mp-850,142.02
mp-851,95.906
mp-853,151.736
mp-855,99.848
mp-856,171.933
mp-858,83.144
mp-861,140.732
mp-862,58.747
mp-865,146.893
mp-867,59.501
mp-869,132.414
mp-871,201.745
mp-872,28.386
mp-873,190.816
mp-875,236.689
mp-877,55.971
mp-879,50.175
mp-881,54.061
mp-883,167.77
mp-884,81.814
mp-886,155.545
mp-888,46.134
mp-889,300.71
mp-890,183.307
mp-891,218.124
mp-892,137.028
mp-893,141.728
mp-894,174.196
mp-898,76.254
mp-900,138.031
mp-902,20.356
mp-903,180.27
mp-905,102.112
mp-909,7.518
mp-910,296.238
mp-912,143.888
mp-915,56.99
mp-917,57.644
mp-919,65.126
mp-921,152.291
mp-922,227.99
mp-925,316.753
mp-927,87.682
mp-930,135.366
mp-931,112.228
mp-932,73.065
mp-933,75.352
mp-936,60.904
mp-938,33.016
mp-944,190.335
mp-945,216.646
mp-946,179.692
mp-947,66.577
mp-948,53.63
mp-949,218.25
mp-950,64.356
mp-951,144.079
mp-952,271.801
mp-953,118.284
mp-954,141.127
mp-956,141.244
mp-957,57.045
mp-959,61.963
mp-960,303.426
mp-963,212.032
mp-965,160.306
mp-971,27.218
mp-972,44.652
mp-973,198.589
mp-975,5.548
mp-976,185.901
mp-977,54.557
mp-979,81.547
mp-980,120.789
mp-981,65.882
mp-982,132.296
mp-984,102.457
mp-985,74.896
mp-986,35.292
mp-987,116.179
mp-988,234.569
mp-990,100.832
mp-991,375.17
mp-992,37.61
mp-993,87.052
mp-994,85.85
mp-996,281.2
mp-998,107.587
mp-1000,28.286
mp-1005,207.432
mp-1007,60.478
mp-1010,276.056
mp-1014,157.977
mp-1017,132.953
mp-1020,260.037
mp-1022,18.259
mp-1025,107.422
mp-1027,215.169
mp-1028,49.227
mp-1029,54.086
mp-1031,53.093
mp-1032,248.908
mp-1037,181.498
mp-1038,91.482
mp-1039,33.954
mp-1042,151.342
mp-1044,303.949
mp-1045,124.063
mp-1046,96.844
mp-1047,70.981
mp-1048,146.751
mp-1050,119.054
mp-1052,71.011
mp-1053,52.019
mp-1055,59.102
mp-1056,141.499
mp-1057,131.24
mp-1059,48.816
mp-1065,49.747
mp-1067,48.228
mp-1068,53.369
mp-1069,131.995
mp-1070,44.379
mp-1073,31.367
mp-1076,133.72
mp-1077,283.343
mp-1078,39.906
mp-1081,97.046
mp-1082,319.895
mp-1084,233.379
mp-1085,491.593
mp-1086,323.894
mp-1087,48.468
mp-1089,294.735
mp-1090,78.571
mp-1093,86.356
mp-1096,87.161
mp-1097,286.134
mp-1099,137.06
mp-1101,79.857
mp-1102,178.449
mp-1104,33.855
mp-1105,65.16
mp-1108,303.164
mp-1113,329.552
mp-1114,169.325
mp-1118,191.4
mp-1120,282.393
mp-1121,173.828
mp-1123,50.248
mp-1124,63.27
mp-1125,40.216
mp-1127,156.601
mp-1128,215.0
mp-1129,166.725
mp-1132,127.369
mp-1135,197.625
mp-1136,22.238
mp-1138,69.649
mp-1139,283.145
mp-1140,101.881
mp-1143,231.003
mp-1145,254.22
mp-1146,90.46
mp-1147,170.755
mp-1150,214.274
mp-1152,228.591
mp-1153,40.49
mp-1156,44.793
mp-1157,213.178
mp-1158,134.504
mp-1159,123.018
mp-1164,97.603
mp-1167,4.638
mp-1168,11.773
mp-1169,86.854
mp-1170,13.762
mp-1172,115.355
mp-1174,49.321
mp-1176,63.35
mp-1179,152.06
mp-1185,251.212
mp-1186,19.062
mp-1187,203.203
mp-1189,73.605
mp-1190,56.491
mp-1194,139.891
mp-1199,41.356
mp-1201,19.094
mp-1203,195.566
mp-1208,82.064
mp-1209,71.996
mp-1210,66.397
mp-1211,67.024
mp-1214,129.858
mp-1215,183.19
mp-1219,35.919
mp-1220,138.173
mp-1221,184.157
mp-1222,194.579
mp-1224,22.392
mp-1229,66.947
mp-1231,217.363
mp-1232,265.997
mp-1235,227.385
mp-1236,55.86
mp-1239,98.2
mp-1240,99.911
mp-1245,24.67
mp-1247,117.399
mp-1249,92.21
mp-1250,58.376
mp-1251,232.563
mp-1252,118.38
mp-1253,35.501
mp-1256,74.229
mp-1259,59.791
mp-1260,106.301
mp-1261,37.377
mp-1264,113.161
mp-1265,151.45
mp-1266,23.909
mp-1269,90.438
mp-1272,265.536
mp-1274,165.111
mp-1275,251.363
mp-1278,127.293
mp-1279,306.305
mp-1280,65.928
mp-1281,273.207
mp-1282,306.705
mp-1285,209.304
mp-1291,55.358
mp-1296,174.535
mp-1299,206.108
mp-1306,85.595
mp-1307,42.172
mp-1315,74.305
mp-1317,84.037
mp-1319,88.453
mp-1321,39.053
mp-1327,37.564
mp-1329,52.576
mp-1330,252.764
mp-1331,55.449
mp-1332,240.773
mp-1334,59.24
mp-1335,195.793
mp-1336,155.722
mp-1339,313.146
mp-1340,27.869
mp-1341,146.115
mp-1342,68.281
mp-1343,108.469
mp-1345,52.775
mp-1346,228.689
mp-1347,108.466
mp-1349,117.262
mp-1352,247.481
mp-1356,87.651
mp-1357,149.168
mp-1358,198.438
mp-1359,258.818
mp-1361,105.86
mp-1364,76.598
mp-1367,54.228
mp-1368,105.749
mp-1371,64.308
mp-1373,171.519
mp-1377,94.521
mp-1378,40.769
mp-1380,135.455
mp-1385,49.695
mp-1388,154.129
mp-1391,78.406
mp-1393,53.102
mp-1394,22.839
mp-1395,230.974
mp-1397,11.617
mp-1399,92.438
mp-1400,222.256
mp-1401,103.307
mp-1402,110.17
mp-1403,76.96
mp-1404,89.162
mp-1405,80.709
mp-1406,46.537
mp-1407,74.501
mp-1408,45.593
mp-1409,189.888
mp-1410,163.58
mp-1412,119.611
mp-1413,187.136
mp-1415,47.761
mp-1416,33.398
mp-1418,199.381
mp-1423,117.335
mp-1424,122.742
mp-1425,198.812
mp-1427,156.458
mp-1431,203.381
mp-1432,144.862
mp-1437,35.162
mp-1438,267.921
mp-1439,203.794
mp-1441,18.38
mp-1444,35.875
mp-1447,76.17
mp-1451,205.078
mp-1453,73.49
mp-1458,218.977
mp-1459,337.979
mp-1463,174.499
mp-1471,100.33
mp-1472,237.763
mp-1474,183.793
mp-1476,99.417
mp-1477,31.472
mp-1479,162.017
mp-1481,42.065
mp-1482,107.69
mp-1483,221.514
mp-1487,157.34
mp-1490,127.118
mp-1491,283.799
mp-1495,202.819
mp-1497,289.035
mp-1500,41.171
mp-1501,199.949
mp-1502,129.675
mp-1505,43.263
mp-1509,16.845
mp-1514,210.847
mp-1515,126.046
mp-1518,171.204
mp-1519,37.042
mp-1521,107.671
mp-1522,162.063
mp-1523,126.441
mp-1526,104.414
mp-1527,84.123
mp-1529,147.522
mp-1533,41.606
mp-1534,93.243
mp-1535,85.829
mp-1539,94.136
mp-1540,55.065
mp-1541,74.87
mp-1542,163.074
mp-1543,110.087
mp-1545,201.402
mp-1546,41.005
mp-1547,120.17
mp-1548,37.078
mp-1549,169.757
mp-1550,82.769
mp-1551,87.362
mp-1552,295.211
mp-1553,149.455
mp-1555,171.734
mp-1557,57.636
mp-1558,80.634
mp-1559,110.105
mp-1560,54.332
mp-1561,80.122
mp-1562,117.752
mp-1563,53.572
mp-1565,235.389
mp-1566,92.119
mp-1567,154.083
mp-1569,200.504
mp-1571,111.571
mp-1572,14.135
mp-1573,82.369
mp-1575,58.177
mp-1578,216.564
mp-1579,120.452
mp-1580,304.766
mp-1581,9.944
mp-1585,208.895
mp-1589,199.407
mp-1590,179.312
mp-1591,159.382
mp-1592,52.909
mp-1594,173.653
mp-1595,135.559
mp-1597,206.152
mp-1598,24.781
mp-1601,253.312
mp-1602,6.09
mp-1603,76.098
mp-1604,213.174
mp-1606,176.852
mp-1607,98.016
mp-1608,82.284
mp-1609,275.177
mp-1610,96.236
mp-1620,219.443
mp-1623,99.884
mp-1627,98.313
mp-1630,105.27
mp-1635,40.716
mp-1637,296.64
mp-1638,47.886
mp-1640,60.21
mp-1641,73.845
mp-1648,98.031
mp-1649,193.206
mp-1652,140.545
mp-1655,239.465
mp-1664,194.62
mp-1666,96.675
mp-1667,208.679
mp-1670,166.177
mp-1672,56.852
mp-1674,71.671
mp-1677,197.598
mp-1681,44.031
mp-1682,117.987
mp-1683,15.158
mp-1684,114.545
mp-1687,73.421
mp-1688,79.218
mp-1689,262.427
mp-1690,21.703
mp-1692,144.365
mp-1696,111.855
mp-1697,163.153
mp-1698,32.734
mp-1699,183.355
mp-1700,194.648
mp-1702,131.545
mp-1704,52.499
mp-1705,125.537
mp-1708,61.724
mp-1709,130.716
mp-1711,78.243
mp-1714,182.055
mp-1716,233.122
mp-1719,158.704
mp-1720,157.736
mp-1722,83.349
mp-1723,88.376
mp-1725,44.942
mp-1727,52.527
mp-1729,91.626
mp-1730,30.305
mp-1734,59.683
mp-1738,72.532
mp-1743,152.527
mp-1745,133.404
mp-1746,104.298
mp-1747,13.039
mp-1748,86.452
mp-1751,79.402
mp-1752,87.904
mp-1753,100.068
mp-1754,72.435
mp-1755,127.051
mp-1756,195.95
mp-1762,160.655
mp-1766,102.797
mp-1767,150.148
mp-1769,104.823
mp-1773,337.733
mp-1774,171.507
mp-1775,72.865
mp-1776,256.399
mp-1777,28.204
mp-1778,207.897
mp-1779,39.676
mp-1780,138.583
mp-1782,81.738
mp-1783,51.147
mp-1784,21.461
mp-1785,54.454
mp-1786,137.742
mp-1787,38.838
mp-1791,131.181
mp-1793,105.452
mp-1794,243.273
mp-1795,93.987
mp-1798,45.536
mp-1799,247.841
mp-1811,45.79
mp-1814,52.275
mp-1818,7.258
mp-1819,82.545
mp-1820,62.187
mp-1821,23.208
mp-1822,118.615
mp-1823,113.96
mp-1825,79.248
mp-1827,48.048
mp-1831,90.516
mp-1832,178.329
mp-1834,70.958
mp-1836,20.394
mp-1837,71.128
mp-1840,190.856
mp-1841,298.389
mp-1842,126.155
mp-1848,110.797
mp-1849,193.549
mp-1851,130.558
mp-1852,14.284
mp-1854,91.067
mp-1857,31.809
mp-1860,69.385
mp-1865,206.53
mp-1866,24.246
mp-1867,228.033
mp-1868,146.997
mp-1869,150.478
mp-1871,222.238
mp-1873,94.832
mp-1874,10.712
mp-1876,53.469
mp-1877,76.786
mp-1878,125.555
mp-1880,13.266
mp-1882,90.279
mp-1883,38.189
mp-1885,229.406
mp-1890,311.129
mp-1891,72.01
mp-1894,380.208
mp-1898,89.084
mp-1901,32.685
mp-1903,50.737
mp-1907,20.685
mp-1909,33.099
mp-1910,146.347
mp-1911,58.694
mp-1912,89.933
mp-1913,177.756
mp-1914,73.693
mp-1915,220.866
mp-1918,198.729
mp-1921,83.002
mp-1922,137.146
mp-1924,90.719
mp-1925,132.151
mp-1929,174.362
mp-1932,232.709
mp-1933,116.742
mp-1934,41.652
mp-1935,21.701
mp-1936,175.774
mp-1937,38.498
mp-1938,231.614
mp-1939,123.362
mp-1941,152.55
mp-1943,15.789
mp-1944,143.928
mp-1948,48.529
mp-1949,181.973
mp-1953,113.483
mp-1955,73.462
mp-1956,76.021
mp-1958,32.317
mp-1959,196.245
mp-1960,78.6
mp-1961,98.421
mp-1963,227.229
mp-1968,116.022
mp-1969,96.221
mp-1971,73.432
mp-1973,122.973
mp-1975,172.542
mp-1977,56.558
mp-1979,127.535
mp-1982,132.661
mp-1984,31.338
mp-1985,408.257
mp-1986,129.269
mp-1989,215.33
mp-1990,49.199
mp-1994,252.303
mp-1995,97.481
mp-1996,191.377
mp-1999,12.83
mp-2000,69.631
mp-2001,44.459
mp-2006,239.084
mp-2008,135.973
mp-2011,99.646
mp-2012,32.253
mp-2014,87.469
mp-2016,98.368
mp-2018,171.541
mp-2025,130.956
mp-2027,123.98
mp-2028,156.483
mp-2030,172.042
mp-2031,135.017
mp-2033,201.929
mp-2034,334.971
mp-2039,173.191
mp-2050,61.329
mp-2051,67.31
mp-2052,85.701
mp-2053,173.865
mp-2056,105.255
mp-2057,167.701
mp-2058,217.964
mp-2059,161.259
mp-2061,58.019
mp-2062,79.133
mp-2063,121.654
mp-2065,60.377
mp-2068,55.159
mp-2070,127.327
mp-2071,64.514
mp-2074,32.535
mp-2075,294.14
mp-2076,15.882
mp-2077,41.646
mp-2078,127.744
mp-2079,14.668
mp-2082,275.878
mp-2083,110.242
mp-2088,74.275
mp-2089,19.908
mp-2090,189.836
mp-2091,257.602
mp-2093,42.665
mp-2097,29.755
mp-2098,192.391
mp-2102,70.295
mp-2103,135.617
mp-2105,143.703
mp-2108,139.791
mp-2114,159.077
mp-2117,157.952
mp-2119,114.409
mp-2120,76.004
mp-2123,174.046
mp-2125,22.059
mp-2126,278.691
mp-2128,56.496
mp-2129,66.327
mp-2130,72.924
mp-2131,39.156
mp-2133,128.167
mp-2134,76.715
mp-2137,71.061
mp-2142,130.119
mp-2145,87.942
mp-2150,28.302
mp-2151,49.768
mp-2152,147.351
mp-2154,69.44
mp-2156,18.003
mp-2159,64.339
mp-2163,113.966
mp-2167,66.847
mp-2168,27.105
mp-2170,66.968
mp-2172,67.291
mp-2173,40.395
mp-2176,42.833
mp-2179,228.62
mp-2180,84.365
mp-2182,64.044
mp-2183,101.246
mp-2187,90.133
mp-2189,47.608
mp-2191,58.352
mp-2192,259.986
mp-2199,210.833
mp-2201,46.512
mp-2203,172.001
mp-2204,53.979
mp-2205,102.592
mp-2207,21.189
mp-2210,105.385
mp-2211,219.134
mp-2212,119.727
mp-2213,184.902
mp-2214,44.234
mp-2215,77.59
mp-2221,97.936
mp-2222,69.323
mp-2225,154.342
mp-2226,91.251
mp-2228,42.316
mp-2229,166.374
mp-2231,23.336
mp-2233,71.978
mp-2234,69.36
mp-2237,146.533
mp-2242,21.382
mp-2243,178.147
mp-2245,222.026
mp-2247,24.282
mp-2250,166.427
mp-2251,51.984
mp-2252,191.13
mp-2254,201.586
mp-2258,104.875
mp-2260,200.39
mp-2263,216.325
mp-2264,80.602
mp-2267,168.393
mp-2268,65.884
mp-2273,75.098
mp-2275,4.717
mp-2280,74.484
mp-2281,55.79
mp-2283,128.339
mp-2284,30.338
mp-2285,48.777
mp-2286,33.677
mp-2287,184.478
mp-2291,141.692
mp-2292,114.974
mp-2293,53.225
mp-2294,150.642
mp-2296,199.918
mp-2297,101.733
mp-2301,125.545
mp-2302,189.638
mp-2303,59.752
mp-2305,349.501
mp-2306,37.949
mp-2310,105.752
mp-2311,242.599
mp-2313,38.92
mp-2316,63.975
mp-2317,114.252
mp-2318,223.238
mp-2322,79.891
mp-2327,79.295
mp-2330,68.479
mp-2331,300.149
mp-2333,115.77
mp-2334,71.228
mp-2337,183.341
mp-2338,65.918
mp-2339,157.855
mp-2340,49.866
mp-2341,65.179
mp-2343,40.919
mp-2345,143.814
mp-2347,116.72
mp-2348,119.202
mp-2349,55.533
mp-2350,83.314
mp-2351,179.331
mp-2352,45.868
mp-2354,118.442
mp-2360,48.071
mp-2361,111.876
mp-2364,206.71
mp-2367,92.301
mp-2369,97.577
mp-2370,139.425
mp-2371,13.543
mp-2379,173.636
mp-2381,114.582
mp-2384,71.271
mp-2385,242.207
mp-2388,46.602
mp-2391,107.848
mp-2393,46.531
mp-2399,65.407
mp-2402,17.961
mp-2403,169.488
mp-2404,55.931
mp-2408,144.994
mp-2410,60.814
mp-2413,43.376
mp-2417,212.008
mp-2422,74.361
mp-2424,70.032
mp-2426,41.392
mp-2430,108.179
mp-2431,47.25
mp-2432,30.093
mp-2434,25.126
mp-2435,377.141
mp-2444,179.773
mp-2449,248.556
mp-2450,37.561
mp-2451,71.776
mp-2455,166.406
mp-2459,35.186
mp-2460,152.954
mp-2462,99.806
mp-2465,172.498
mp-2466,103.81
mp-2469,53.24
mp-2470,96.9
mp-2472,84.99
mp-2474,65.962
mp-2478,175.204
mp-2481,56.418
mp-2484,57.389
mp-2486,173.368
mp-2488,209.102
mp-2489,178.518
mp-2490,76.335
mp-2491,83.657
mp-2493,143.06
mp-2495,84.639
mp-2499,32.012
mp-2500,112.579
mp-2501,293.327
mp-2507,18.273
mp-2509,170.311
mp-2512,151.799
mp-2513,136.486
mp-2515,231.851
mp-2516,60.055
mp-2517,36.705
mp-2520,62.342
mp-2524,70.177
mp-2525,54.408
mp-2529,138.487
mp-2530,26.076
mp-2532,57.203
mp-2533,234.511
mp-2534,60.742
mp-2536,238.119
mp-2540,254.937
mp-2542,208.037
mp-2548,71.138
mp-2552,89.234
mp-2553,127.5
mp-2554,122.019
mp-2556,35.834
mp-2557,103.887
mp-2558,36.23
mp-2560,115.477
mp-2562,60.391
mp-2563,93.807
mp-2564,19.806
mp-2567,192.13
mp-2568,85.401
mp-2572,25.64
mp-2573,95.504
mp-2574,167.345
mp-2577,238.125
mp-2578,57.823
mp-2580,263.884
mp-2582,142.135
mp-2583,187.501
mp-2589,129.089
mp-2592,205.746
mp-2596,151.141
mp-2597,39.529
mp-2598,105.592
mp-2600,31.625
mp-2602,71.185
mp-2604,37.266
mp-2605,105.841
mp-2606,99.329
mp-2611,39.558
mp-2612,48.853
mp-2614,106.503
mp-2615,49.02
mp-2616,192.353
mp-2618,74.554
mp-2619,110.972
mp-2620,91.134
mp-2621,69.968
mp-2624,49.576
mp-2627,76.57
mp-2633,229.91
mp-2634,312.566
mp-2636,216.967
mp-2637,78.292
mp-2639,21.088
mp-2640,76.698
mp-2642,73.469
mp-2643,132.608
mp-2644,148.223
mp-2645,131.006
mp-2646,42.369
mp-2647,104.282
mp-2652,138.413
mp-2653,373.485
mp-2654,32.575
mp-2657,208.538
mp-2658,170.575
mp-2659,35.899
mp-2661,44.145
mp-2662,173.538
mp-2663,203.6
mp-2664,224.438
mp-2665,151.337
mp-2666,82.324
mp-2667,10.059
mp-2672,32.413
mp-2674,162.277
mp-2676,167.518
mp-2677,143.721
mp-2678,241.671
mp-2680,181.75
mp-2682,104.082
mp-2684,73.518
mp-2685,114.745
mp-2686,33.874
mp-2688,69.38
mp-2689,117.852
mp-2691,44.641
mp-2693,48.326
mp-2694,64.416
mp-2695,128.863
mp-2696,63.271
mp-2697,71.147
mp-2698,84.831
mp-2699,62.216
mp-2700,61.714
mp-2701,314.396
mp-2705,247.745
mp-2706,36.861
mp-2713,140.411
mp-2715,121.796
mp-2716,150.897
mp-2720,151.763
mp-2721,120.983
mp-2723,269.435
mp-2724,59.906
mp-2725,196.495
mp-2728,265.335
mp-2729,119.38
mp-2730,34.16
mp-2731,97.756
mp-2732,223.688
mp-2733,142.751
mp-2738,78.297
mp-2739,31.468
mp-2741,80.16
mp-2743,72.655
mp-2744,79.812
mp-2746,333.899
mp-2747,126.101
mp-2748,62.335
mp-2749,124.06
mp-2750,42.043
mp-2752,184.705
